"CellType","Comparison","Downregulated","Upregulated","Total_Significant_DEGs","Percent_Up","Percent_Down","Net_Direction_Score","Direction_Bias","Mean_Log2FC","Median_Log2FC","Mean_Abs_Log2FC","Mean_Up_Log2FC","Mean_Down_Log2FC","Max_Up_Log2FC","Strongest_Down_Log2FC","Transcriptional_Perturbation_Score","Upregulation_Score","Downregulation_Score"
"B cells","Healthy_vs_AChR_MG",50,9,59,15.2542372881356,84.7457627118644,-0.694915254237288,"Predominantly downregulated",-0.467086883629592,-0.631611788242707,0.775753923725799,1.01174196475979,-0.733276076339681,1.67027316742188,-1.94066508694848,3.17620385922918,2.32962196601239,2.88311367281588
"B cells","Healthy_vs_SNMG_Pre",107,30,137,21.8978102189781,78.1021897810219,-0.562043795620438,"Predominantly downregulated",-0.752333575207258,-0.832294258780447,1.12621237287596,0.853689921343542,-1.20262053685702,2.10871225304987,-6.14574021499246,5.54913406452273,2.93156026649166,5.63082716999913
"B cells","SNMG_Pre_vs_SNMG_Post",0,7,7,100,0,1,"Predominantly upregulated",2.29660764216257,2.36207196763858,2.29660764216257,2.29660764216257,NA,3.34485548723231,NA,4.77566133605223,4.77566133605223,0
"Basophils","Healthy_vs_AChR_MG",0,5,5,100,0,1,"Predominantly upregulated",1.42683373973875,1.36191870375631,1.42683373973875,1.42683373973875,NA,2.33584038838961,NA,2.55654286419099,2.55654286419099,0
"Basophils","Healthy_vs_SNMG_Pre",2,10,12,83.3333333333333,16.6666666666667,0.666666666666667,"Predominantly upregulated",1.87789089381724,1.71686108622101,2.6216216969934,2.69970755448638,-2.2311924095285,5.43593936105032,-2.56829449907208,6.72432688721045,6.47361598284095,2.45121539949102
"Basophils","SNMG_Pre_vs_SNMG_Post",6,0,6,0,100,-1,"Predominantly downregulated",-0.874993578816139,-0.843701698655497,0.874993578816139,NA,-0.874993578816139,NA,-1.38160631282578,1.70265888537656,0,1.70265888537656
"CD4 T cells","Healthy_vs_AChR_MG",27,1,28,3.57142857142857,96.4285714285714,-0.928571428571429,"Predominantly downregulated",-0.714727734996272,-0.762606926995635,0.855933969534965,1.97688728354169,-0.814417180127308,1.97688728354169,-1.70213981829466,2.88218288635886,1.37027384687173,2.71380460078439
"CD4 T cells","Healthy_vs_SNMG_Pre",28,9,37,24.3243243243243,75.6756756756757,-0.513513513513513,"Predominantly downregulated",-0.881088409888298,-0.849842355888281,1.35768818184224,0.979677309016427,-1.4791916766791,2.16146338383598,-5.17225205991058,4.93870773949339,2.25579036768575,4.98087596463224
"CD4 T cells","SNMG_Pre_vs_SNMG_Post",5,5,10,50,50,0,"Mixed / balanced",0.4525510665716,0.225633801662926,1.16782622556665,1.62037729213825,-0.715275158995046,2.04338579097536,-1.15089596279484,2.80032498573623,2.90332635691082,1.28160103923298
"CD8 T cells","Healthy_vs_AChR_MG",12,6,18,33.3333333333333,66.6666666666667,-0.333333333333333,"Predominantly downregulated",-0.262493695529165,-0.576898041489135,0.84151758521655,0.868535834531078,-0.828008460559286,1.36598647394616,-1.78614858233868,2.47779717956563,1.69009269523225,2.12379976888426
"CD8 T cells","Healthy_vs_SNMG_Pre",13,4,17,23.5294117647059,76.4705882352941,-0.529411764705882,"Predominantly downregulated",-0.477309040920838,-0.67604089983309,1.14137544705345,1.4111411130318,-1.05837062675242,3.65366116105577,-1.78074146030801,3.2989993573194,2.27114400710783,2.79310075998046
"CD8 T cells","SNMG_Pre_vs_SNMG_Post",20,1,21,4.76190476190476,95.2380952380952,-0.904761904761905,"Predominantly downregulated",-0.776455136406782,-0.699298472173325,0.83442689675987,0.60870348370742,-0.845713067412493,0.60870348370742,-1.88294976716602,2.5792489621088,0.421921103528815,2.57479240961324
"Dendritic cells","Healthy_vs_AChR_MG",37,2,39,5.12820512820513,94.8717948717949,-0.897435897435897,"Predominantly downregulated",-0.652395508841039,-0.641949422242036,0.735828103713095,0.813467800002547,-0.731631363373125,1.1204444897857,-1.56827433186743,2.71438117354686,0.89368572151861,2.66137212142783
"Dendritic cells","Healthy_vs_SNMG_Pre",80,20,100,20,80,-0.6,"Predominantly downregulated",-0.810900828715582,-0.877106197859209,1.22454186163876,1.03410258230795,-1.27215168147146,3.20886747633893,-5.38094886625987,5.65140826938004,3.14834851474428,5.5904058812574
"Dendritic cells","SNMG_Pre_vs_SNMG_Post",6,13,19,68.4210526315789,31.5789473684211,0.368421052631579,"Predominantly upregulated",0.864585130436928,0.995818049507502,1.31089089130306,1.58977093896383,-0.706650788038034,3.15158932681253,-0.919119164578777,3.92707815018452,4.19549664888184,1.37507894028115
"Monocytes","Healthy_vs_AChR_MG",5,3,8,37.5,62.5,-0.25,"Predominantly downregulated",0.390072796835086,-0.824949040889835,1.64059926400303,2.70756274778416,-1.00042117373436,6.38429876505954,-1.21022388330873,3.60476502442718,3.75347896963145,1.79251411125478
"Monocytes","Healthy_vs_SNMG_Pre",57,59,116,50.8620689655172,49.1379310344828,0.0172413793103448,"Mixed / balanced",-0.125111959459231,0.54162798308411,1.27701274051218,1.1323770390012,-1.42672337891828,3.75838555409617,-5.41451874608196,6.08135678727175,4.63634177201974,5.79312897191188
"Monocytes","SNMG_Pre_vs_SNMG_Post",24,18,42,42.8571428571429,57.1428571428571,-0.142857142857143,"Mixed / balanced",-0.0801831867690363,-0.567418095350335,1.02717055611136,1.10481859756604,-0.968934525020343,2.5093142119692,-1.57704525916933,3.86339401448305,3.25307094358145,3.11887991846814
"Neutrophils","Healthy_vs_AChR_MG",12,27,39,69.2307692307692,30.7692307692308,0.384615384615385,"Predominantly upregulated",0.712901983145389,1.22175081096654,1.2995873614672,1.45346452666465,-0.953363739772944,2.40045559682385,-2.462117920412,4.7940211165425,4.84324105113161,2.44532971175774
"Neutrophils","Healthy_vs_SNMG_Pre",1,39,40,97.5,2.5,0.95,"Predominantly upregulated",3.08309897619164,2.63321160507846,3.12161542907176,3.181904823212,-0.770329057602331,9.06352077977209,-0.770329057602331,11.5923438603941,11.7376633272928,0.533951414380455
"Neutrophils","SNMG_Pre_vs_SNMG_Post",52,8,60,13.3333333333333,86.6666666666667,-0.733333333333333,"Predominantly downregulated",-0.814668042447034,-0.861504661113792,1.08595031057552,1.0173085054818,-1.09651058828224,1.40574588762677,-3.33655065844612,4.46420474953578,2.2352552509778,4.35346712178126
"NK cells","Healthy_vs_AChR_MG",24,3,27,11.1111111111111,88.8888888888889,-0.777777777777778,"Predominantly downregulated",-0.514603468811831,-0.639883313643857,0.839948610487766,1.46405313754171,-0.761935544606023,2.04789775564416,-1.79886768581299,2.79888054818273,2.02960860895395,2.45257590464011
"NK cells","Healthy_vs_SNMG_Pre",40,9,49,18.3673469387755,81.6326530612245,-0.63265306122449,"Predominantly downregulated",-1.07801756436012,-1.10697219734059,1.39050648994671,0.85066429743016,-1.51197098326294,1.32269056827551,-5.10132457977467,5.43969337786868,1.95872693040494,5.61481320911269
"NK cells","SNMG_Pre_vs_SNMG_Post",5,17,22,77.2727272727273,22.7272727272727,0.545454545454545,"Predominantly upregulated",1.08394782236759,1.23774034538433,1.39615491965016,1.60477236248207,-0.68685561402165,2.97567256910309,-0.74448002014867,4.37763567510409,4.63838871437048,1.23068005041574
"Progenitors","Healthy_vs_AChR_MG",0,1,1,100,0,1,"Predominantly upregulated",1.25324048912792,1.25324048912792,1.25324048912792,1.25324048912792,NA,1.25324048912792,NA,0.868680111602585,0.868680111602585,0
"Progenitors","Healthy_vs_SNMG_Pre",0,0,0,0,0,0,"Mixed / balanced",NA,NA,NA,NA,NA,NA,NA,NA,0,0
"Progenitors","SNMG_Pre_vs_SNMG_Post",0,0,0,0,0,0,"Mixed / balanced",NA,NA,NA,NA,NA,NA,NA,NA,0,0
"T cells","Healthy_vs_AChR_MG",16,19,35,54.2857142857143,45.7142857142857,0.0857142857142857,"Mixed / balanced",0.224081810445316,0.537043235407926,0.962662563634113,1.09305402875737,-0.807822698800246,2.31199683438225,-1.49634395577852,3.44971952812555,3.27449723068666,2.28873404987236
"T cells","Healthy_vs_SNMG_Pre",17,27,44,61.3636363636364,38.6363636363636,0.227272727272727,"Predominantly upregulated",0.121923592825539,0.583818429258664,1.08172606852629,0.980751575916305,-1.24209732149509,2.51711881406348,-2.30747952575098,4.11776604926575,3.26806482462975,3.59012301860788
"T cells","SNMG_Pre_vs_SNMG_Post",20,3,23,13.0434782608696,86.9565217391304,-0.739130434782609,"Predominantly downregulated",-0.715239159462201,-0.797459764963937,0.859690560627085,0.553730371132055,-0.905584589051339,0.5578337504478,-1.4927466641988,2.73214287911488,0.767633291081192,2.75707260062335
