"query","significant","p_value","term_size","query_size","intersection_size","precision","recall","term_id","source","term_name","effective_domain_size","source_order","parents","Comparison","Direction"
"query_1",TRUE,0.00309773125942892,12601,44,38,0.863636363636364,0.00301563367986668,"GO:0005737","GO:CC","cytoplasm",22155,304,"GO:0005622;GO:0110165","B_cells_Healthy_vs_AChR_MG","Down"
"query_1",TRUE,0.00309773125942892,5,44,2,0.0454545454545455,0.4,"GO:1990111","GO:CC","spermatoproteasome complex",22155,3797,"GO:0000502","B_cells_Healthy_vs_AChR_MG","Down"
"query_1",TRUE,0.00309773125942892,423,44,7,0.159090909090909,0.016548463356974,"GO:0031252","GO:CC","cell leading edge",22155,1046,"GO:0110165","B_cells_Healthy_vs_AChR_MG","Down"
"query_1",TRUE,0.00552635750993815,4032,44,19,0.431818181818182,0.00471230158730159,"GO:0031982","GO:CC","vesicle",22155,1199,"GO:0043227","B_cells_Healthy_vs_AChR_MG","Down"
"query_1",TRUE,0.00552635750993815,2142,44,13,0.295454545454545,0.00606909430438842,"GO:0043230","GO:CC","extracellular organelle",22155,1844,"GO:0005576;GO:0043226","B_cells_Healthy_vs_AChR_MG","Down"
"query_1",TRUE,0.00552635750993815,2141,44,13,0.295454545454545,0.00607192900513779,"GO:1903561","GO:CC","extracellular vesicle",22155,3698,"GO:0031982;GO:0065010","B_cells_Healthy_vs_AChR_MG","Down"
"query_1",TRUE,0.00552635750993815,2111,44,13,0.295454545454545,0.00615821885362387,"GO:0070062","GO:CC","extracellular exosome",22155,2352,"GO:0005615;GO:1903561","B_cells_Healthy_vs_AChR_MG","Down"
"query_1",TRUE,0.00552635750993815,2142,44,13,0.295454545454545,0.00606909430438842,"GO:0065010","GO:CC","extracellular membrane-bounded organelle",22155,2332,"GO:0043227;GO:0043230","B_cells_Healthy_vs_AChR_MG","Down"
"query_1",TRUE,0.00563627043169166,11,44,2,0.0454545454545455,0.181818181818182,"GO:0019774","GO:CC","proteasome core complex, beta-subunit complex",22155,789,"GO:0005622;GO:0005839;GO:0032991","B_cells_Healthy_vs_AChR_MG","Down"
"query_1",TRUE,0.0088587793790193,5607,44,22,0.5,0.00392366684501516,"GO:0005829","GO:CC","cytosol",22155,367,"GO:0005737;GO:0110165","B_cells_Healthy_vs_AChR_MG","Down"
"query_1",TRUE,0.0142395831295326,199,44,4,0.0909090909090909,0.0201005025125628,"GO:0030027","GO:CC","lamellipodium",22155,843,"GO:0031252;GO:0120025","B_cells_Healthy_vs_AChR_MG","Down"
"query_1",TRUE,0.0191527718820334,23,44,2,0.0454545454545455,0.0869565217391304,"GO:0005839","GO:CC","proteasome core complex",22155,375,"GO:0000502;GO:0140535;GO:1902494","B_cells_Healthy_vs_AChR_MG","Down"
"query_1",TRUE,0.0240206178818429,111,44,3,0.0681818181818182,0.027027027027027,"GO:0048770","GO:CC","pigment granule",22155,2177,"GO:0031410","B_cells_Healthy_vs_AChR_MG","Down"
"query_1",TRUE,0.0240206178818429,425,44,5,0.113636363636364,0.0117647058823529,"GO:0005925","GO:CC","focal adhesion",22155,438,"GO:0030055","B_cells_Healthy_vs_AChR_MG","Down"
"query_1",TRUE,0.0240206178818429,111,44,3,0.0681818181818182,0.027027027027027,"GO:0042470","GO:CC","melanosome",22155,1749,"GO:0048770","B_cells_Healthy_vs_AChR_MG","Down"
"query_1",TRUE,0.0249191352414416,435,44,5,0.113636363636364,0.0114942528735632,"GO:0030055","GO:CC","cell-substrate junction",22155,845,"GO:0070161","B_cells_Healthy_vs_AChR_MG","Down"
"query_1",TRUE,0.0249191352414416,2370,44,12,0.272727272727273,0.00506329113924051,"GO:0030054","GO:CC","cell junction",22155,844,"GO:0110165","B_cells_Healthy_vs_AChR_MG","Down"
"query_1",TRUE,0.0252954661535296,1,44,1,0.0227272727272727,1,"GO:0071254","GO:CC","cytoplasmic U snRNP body",22155,2658,"GO:0036464","B_cells_Healthy_vs_AChR_MG","Down"
"query_1",TRUE,0.0252954661535296,911,44,7,0.159090909090909,0.00768386388583974,"GO:0070161","GO:CC","anchoring junction",22155,2374,"GO:0030054","B_cells_Healthy_vs_AChR_MG","Down"
"query_1",TRUE,0.0365240995879519,2556,44,12,0.272727272727273,0.00469483568075117,"GO:0097708","GO:CC","intracellular vesicle",22155,3067,"GO:0031982;GO:0043231","B_cells_Healthy_vs_AChR_MG","Down"
"query_1",TRUE,0.0365240995879519,2548,44,12,0.272727272727273,0.00470957613814757,"GO:0031410","GO:CC","cytoplasmic vesicle",22155,1078,"GO:0005737;GO:0097708","B_cells_Healthy_vs_AChR_MG","Down"
"query_1",TRUE,0.0365240995879519,3252,44,14,0.318181818181818,0.0043050430504305,"GO:0005615","GO:CC","extracellular space",22155,227,"GO:0005576;GO:0110165","B_cells_Healthy_vs_AChR_MG","Down"
"query_1",TRUE,0.0417519505289792,2,44,1,0.0227272727272727,0.5,"GO:0098575","GO:CC","lumenal side of lysosomal membrane",22155,3139,"GO:0005765;GO:0098576","B_cells_Healthy_vs_AChR_MG","Down"
"query_1",TRUE,0.0426008686736635,787,44,6,0.136363636363636,0.00762388818297332,"GO:0000323","GO:CC","lytic vacuole",22155,50,"GO:0005773","B_cells_Healthy_vs_AChR_MG","Down"
"query_1",TRUE,0.0426008686736635,787,44,6,0.136363636363636,0.00762388818297332,"GO:0005764","GO:CC","lysosome",22155,319,"GO:0000323","B_cells_Healthy_vs_AChR_MG","Down"
"query_1",TRUE,0.0436074177074857,4249,44,16,0.363636363636364,0.00376559190397741,"GO:0005576","GO:CC","extracellular region",22155,194,"GO:0110165","B_cells_Healthy_vs_AChR_MG","Down"
"query_1",TRUE,0.0436074177074857,5906,44,20,0.454545454545455,0.00338638672536404,"GO:0005886","GO:CC","plasma membrane",22155,409,"GO:0016020;GO:0071944","B_cells_Healthy_vs_AChR_MG","Down"
"query_1",TRUE,0.0436074177074857,181,44,3,0.0681818181818182,0.0165745856353591,"GO:0031256","GO:CC","leading edge membrane",22155,1050,"GO:0005886;GO:0031252;GO:0110165","B_cells_Healthy_vs_AChR_MG","Down"
"query_1",TRUE,0.0436074177074857,3,44,1,0.0227272727272727,0.333333333333333,"GO:0036194","GO:CC","muscle cell projection",22155,1655,"GO:0120025","B_cells_Healthy_vs_AChR_MG","Down"
"query_1",TRUE,0.0436074177074857,3,44,1,0.0227272727272727,0.333333333333333,"GO:0036195","GO:CC","muscle cell projection membrane",22155,1656,"GO:0031253;GO:0036194","B_cells_Healthy_vs_AChR_MG","Down"
"query_1",TRUE,0.0436074177074857,3,44,1,0.0227272727272727,0.333333333333333,"GO:0071755","GO:CC","IgM B cell receptor complex",22155,2704,"GO:0019815;GO:0071753","B_cells_Healthy_vs_AChR_MG","Down"
"query_1",TRUE,0.0436074177074857,180,44,3,0.0681818181818182,0.0166666666666667,"GO:0005775","GO:CC","vacuolar lumen",22155,329,"GO:0005773;GO:0070013","B_cells_Healthy_vs_AChR_MG","Down"
"query_1",TRUE,0.0436074177074857,183,44,3,0.0681818181818182,0.0163934426229508,"GO:0001726","GO:CC","ruffle",22155,152,"GO:0031252;GO:0120025","B_cells_Healthy_vs_AChR_MG","Down"
"query_1",TRUE,0.0451324290078665,15879,44,39,0.886363636363636,0.00245607406007935,"GO:0043227","GO:CC","membrane-bounded organelle",22155,1841,"GO:0043226","B_cells_Healthy_vs_AChR_MG","Down"
"query_1",TRUE,0.0465043457702704,194,44,3,0.0681818181818182,0.0154639175257732,"GO:0072686","GO:CC","mitotic spindle",22155,2750,"GO:0005819","B_cells_Healthy_vs_AChR_MG","Down"
