"Gene","p_val","avg_log2FC","pct.1","pct.2","p_val_adj"
"HBB",2.25122601710323e-45,-1.33474235422464,0.621,0.843,8.23971234519952e-41
"MT-ATP6",5.02093360415736e-43,-0.332898850185067,0.996,1,1.83771190845763e-38
"MT-CO1",2.70936355177969e-27,-0.278255845785401,0.993,1,9.91654153586883e-23
"MT-CYB",9.06376424099873e-23,-0.260257243738771,0.995,1,3.31742834984795e-18
"H3F3B",6.32634365725379e-21,0.380345020126652,0.994,0.98,2.31550504199146e-16
"SRSF5",1.33569210907568e-19,-0.469317661538692,0.891,0.957,4.88876668842788e-15
"IFI44L",4.70999490961797e-14,3.65366116105577,0.107,0.008,1.72390523686927e-09
"MT-ND5",5.95590373785362e-14,-0.335682440418693,0.979,0.992,2.1799203270918e-09
"MALAT1",5.21480801509348e-13,0.297933381087654,1,1,1.90867188160437e-08
"ISG20",7.87061668850459e-13,-0.445712927293323,0.691,0.797,2.88072441415956e-08
"DSEL",8.3699135745143e-13,-1.05915171304258,0.151,0.295,3.06347206740798e-08
"HBA2",1.2129804955018e-11,-1.51823257890834,0.148,0.28,4.43962991158612e-07
"LINC01578",2.59702602504667e-11,0.368243775295892,0.881,0.82,9.50537495427331e-07
"SMDT1",2.62053313409974e-11,0.389203353297933,0.844,0.746,9.59141332411845e-07
"ZBTB16",3.53870017440077e-11,-1.7388956088709,0.034,0.118,1.29519965083243e-06
"LINC01138",1.08613838310788e-10,0.674278388832889,0.567,0.426,3.97537509601315e-06
"CIRBP",1.18438883150051e-10,0.320224967747119,0.944,0.921,4.33498156217503e-06
"DDIT4",2.32005651089905e-10,-0.670577600197386,0.424,0.552,8.49163883554161e-06
"FKBP5",2.38645310754449e-10,-0.590576124581492,0.424,0.567,8.73465701892359e-06
"MGAT4A",4.60558019346935e-10,0.445152921015681,0.751,0.634,1.68568840661171e-05
"S100B",1.27174843123564e-09,-1.27831503663412,0.138,0.251,4.65472643316557e-05
"VAMP2",1.63562437365948e-09,0.453894801867853,0.706,0.605,5.98654877003106e-05
"ACTG1",1.11424376340764e-08,-0.259921538256334,0.969,0.979,0.000407824359844829
"NDFIP1",7.42989449794398e-08,-0.428693135050627,0.683,0.761,0.00271941568519248
"NFKBIA",7.80427385762401e-08,0.546597099651062,0.631,0.536,0.00285644227462896
"PASK",1.49583059295989e-07,-0.564894360501327,0.217,0.339,0.00547488955329251
"ANKRD12",1.84198306434945e-07,0.473237888014444,0.642,0.546,0.00674184221382543
"LIMD2",1.96787354898514e-07,0.336550581297773,0.834,0.821,0.00720261397664053
"C1orf162",2.01067536113251e-07,-0.780019188198972,0.258,0.369,0.00735927288928109
"LBR",2.26335487770793e-07,-0.67604089983309,0.223,0.339,0.00828410518789881
"FBLN5",2.55249195192699e-07,-1.19262655478167,0.076,0.156,0.00934237579324797
"CARS",3.10166516763138e-07,-0.574004667698908,0.308,0.431,0.0113524046800476
"HBA1",3.46740705935233e-07,-1.78074146030801,0.052,0.121,0.0126910565779354
"TCF7",3.63102132519307e-07,0.303114165837879,0.82,0.79,0.0132899011523391
"BIRC3",5.526912845657e-07,0.770027802587473,0.316,0.207,0.0202290537063892
"NOSIP",1.15421682854819e-06,-0.290074330010487,0.815,0.877,0.0422454901416923
"SBDS",1.44686425060877e-06,0.522460466537276,0.485,0.375,0.0529566784365318
"GIMAP4",1.74607688937931e-06,-0.369831115467858,0.553,0.651,0.063908160228172
"S100A11",1.74674351292339e-06,-0.811355185617809,0.155,0.249,0.063932559316509
"MX1",1.75578179745763e-06,1.21648227046717,0.153,0.074,0.0642633695687469
"OSTC",2.64466192116871e-06,-0.551521028032938,0.322,0.431,0.096797270976696
"PNISR",3.25769615175e-06,0.310292245753996,0.831,0.797,0.119234936850202
"FGFR1OP2",3.26594273907286e-06,-0.547644865716223,0.303,0.418,0.119536770192806
"GBP5",3.61809255765454e-06,1.43545310302297,0.113,0.046,0.132425805702714
"POLR2J3",4.06119459776783e-06,0.69919140557802,0.374,0.275,0.1486437834729
"AC004687.1",9.61688494477416e-06,0.724790853005234,0.212,0.125,0.351987605863679
"IFITM1",1.10889151472176e-05,0.577641657257592,0.426,0.325,0.40586538330331
"TRA2B",1.13276172091385e-05,0.315182034690533,0.671,0.579,0.414602117471679
"CREBRF",1.26916664330294e-05,0.511586014451714,0.496,0.408,0.46452768311531
"EIF2AK2",1.42575107307522e-05,0.817160062636245,0.244,0.157,0.521839150256261
"VASP",1.44257259784828e-05,-0.599332349388941,0.17,0.261,0.527995996538448
"GOLGA4",1.51186802460604e-05,0.714220722682219,0.26,0.172,0.553358815686056
"ANXA1",1.92233213715639e-05,-0.52710977857953,0.292,0.385,0.703592785520611
"DDX6",2.06989892172433e-05,0.335551516197677,0.659,0.58,0.757603704340321
"LINC02446",2.36793630402708e-05,0.368460316375393,0.717,0.641,0.866688366636952
"PRKCQ-AS1",2.74404684595424e-05,-0.25411970489309,0.817,0.872,1
"SEPTIN6",2.81484123623605e-05,0.28419025090829,0.774,0.698,1
"GCC2",3.33794586335482e-05,0.339958520276866,0.677,0.595,1
"CCDC59",3.75126251695189e-05,0.468585355395368,0.482,0.395,1
"AC003102.1",3.76592742058439e-05,1.2899654433562,0.105,0.048,1
"DICER1",4.16070342610114e-05,0.771766574713623,0.191,0.115,1
"DYRK2",4.91426412603658e-05,0.539947388621586,0.371,0.282,1
"TERF2IP",5.05771575294471e-05,0.425808283619362,0.486,0.398,1
"RAB5IF",5.40266811451779e-05,-0.855530266337311,0.103,0.17,1
"PLCL2",5.59246885801416e-05,0.72578120113134,0.229,0.148,1
"H1FX",6.2842366989615e-05,0.377088566204162,0.647,0.584,1
"STK16",6.75875430388579e-05,-0.81473478362617,0.08,0.143,1
"CREBBP",8.37883991054582e-05,0.728819364324379,0.185,0.111,1
"BBX",8.48627491334118e-05,0.404993443989534,0.399,0.302,1
"TOB1",8.98399206416282e-05,-0.367324086796503,0.551,0.63,1
"PIM3",9.24952729662812e-05,1.0278558631602,0.125,0.066,1
"NSG1",9.52566016911537e-05,-0.61597861088884,0.13,0.203,1
"ABRACL",9.83625212261201e-05,-0.299549918981857,0.495,0.59,1
"ZNF302",0.000101059687690456,0.530181996270306,0.26,0.179,1
"HLA-DPA1",0.000111641945593625,-0.714722406042254,0.133,0.203,1
"SF3B1",0.000119419255001498,0.416388314706472,0.483,0.389,1
"SOCS1",0.000133249561586351,-0.740344046513054,0.094,0.157,1
"PNRC2",0.000142425323916938,0.339618123258239,0.469,0.375,1
"HNRNPA1P48",0.00015565415846146,-0.729724415514789,0.121,0.187,1
"BTG2",0.000159160606821137,0.434558038038713,0.498,0.421,1
"SLA",0.000161565001178032,-0.615531006461621,0.141,0.215,1
"IFI6",0.000167659679632619,0.720529890191504,0.273,0.195,1
"DDT",0.000170932654614986,-0.277435916105988,0.557,0.649,1
"PCSK7",0.000180504989417172,0.482817616354097,0.343,0.259,1
"IER2",0.000187694554927834,0.466941949142484,0.374,0.289,1
"PRDX3",0.000190353885843672,-0.86075304405779,0.085,0.143,1
"ARIH1",0.00019652839872955,0.811878654132998,0.175,0.108,1
"UBE2D3",0.000200957824943963,0.298155237914145,0.733,0.659,1
"METTL16",0.000207896594104664,0.709183596209962,0.163,0.098,1
"USP16",0.000210208130765027,0.495132983117502,0.314,0.231,1
"RPS6KB1",0.000274269885547218,0.870131515338522,0.151,0.09,1
"XAF1",0.000307099004017051,0.770457775041817,0.196,0.13,1
"BTN3A2",0.000331783366193346,-0.404202499355635,0.295,0.382,1
"PSMB3",0.000348530568955277,-0.369596561194487,0.309,0.398,1
"APBA2",0.000348920461653724,0.52993738970212,0.248,0.174,1
"EML4",0.000355767267858873,0.606732103902151,0.244,0.172,1
"DPP7",0.00035796748545736,0.438802381098193,0.33,0.249,1
"C1QBP",0.000393667066918193,-0.26874230506191,0.615,0.69,1
"SMAP2",0.000413469020876091,-0.28071536695429,0.684,0.761,1
"HSPA5",0.000423103262446329,0.613658341055474,0.3,0.228,1
"NCOA1",0.000424230201532739,0.532935209661159,0.176,0.11,1
"CRIP1",0.000431131214673917,-0.37510201623079,0.471,0.562,1
"PIK3CD",0.000446816205916007,0.702971949782449,0.188,0.123,1
"CDR2",0.000472611342113891,0.640256232739792,0.236,0.166,1
"COPS2",0.000532332298371963,0.496217404668489,0.3,0.223,1
"FAM133B",0.000597476969857688,0.361067503059754,0.442,0.357,1
"NUDT4",0.000607567785060841,0.66859896275657,0.175,0.111,1
"MT1X",0.000611230998467417,0.338183063080863,0.403,0.321,1
"SYNE2",0.000613996872757704,0.356419113242294,0.362,0.282,1
"BAZ2A",0.00062215406720069,0.62625967909558,0.221,0.152,1
"ADAR",0.000644404106180029,0.413466571698042,0.376,0.305,1
"GPR174",0.000670480587920255,0.726872360332719,0.148,0.092,1
"ELOVL5",0.000671511259725013,0.75138301373407,0.139,0.082,1
"KDM2A",0.000680892789559377,0.60328119220455,0.255,0.189,1
"XIST",0.000744014641646147,0.360878477073214,0.608,0.551,1
"ZNF24",0.000745604487518331,0.440323279158562,0.315,0.239,1
"RORA",0.000760680883669849,0.388068844908422,0.351,0.279,1
"TAGAP",0.000781495735493225,-0.541355983036825,0.189,0.256,1
"CAPZA1",0.000783675957455919,-0.379103734679128,0.257,0.338,1
"KLHL24",0.00080088344234852,0.638261442141483,0.216,0.149,1
"NRBF2",0.000811529137181529,0.778078865204613,0.136,0.082,1
"SSU72",0.000813792381937236,0.293647403069288,0.53,0.454,1
"TDP2",0.000815455714511302,0.768091112587298,0.145,0.09,1
"TCEA2",0.000817939774143544,0.996882859311395,0.103,0.056,1
"SLTM",0.000835565319058987,0.427161377592096,0.331,0.256,1
"ZNF101",0.000854182588448115,0.447009947089918,0.421,0.344,1
"AL627171.2",0.000881993501176613,0.686735192156827,0.227,0.162,1
"ALKBH7",0.000898394102471149,0.278085628153646,0.589,0.516,1
"RC3H2",0.000912833888892359,0.795278071769902,0.148,0.092,1
"MTHFS",0.000921723049681871,-0.589142304417919,0.099,0.156,1
"CEP85L",0.000937772398050897,0.492987643351963,0.243,0.172,1
"G3BP2",0.000949685518328673,0.375344532820559,0.45,0.375,1
"CENPC",0.000950084899743775,0.474939158131361,0.255,0.185,1
"RPS26",0.000954950043417949,0.365533839589201,0.936,0.938,1
"ARHGEF18",0.000991051359656087,0.698120079650359,0.152,0.097,1
"LINC02256",0.000993680996966117,0.761821663463886,0.117,0.066,1
"ZBTB7A",0.00100706512342171,0.34607736834063,0.3,0.223,1
"EIF2S2",0.00102246130916467,-0.320931952331082,0.448,0.534,1
"ECH1",0.00103381767109259,-0.435602425830077,0.253,0.331,1
"RNF213",0.0010534801387431,0.261611309023289,0.56,0.475,1
"RIOK3",0.00105569125120136,0.554229724372357,0.207,0.141,1
"CCNH",0.00106591111155062,0.414363177266378,0.225,0.156,1
"CDKN1B",0.00107085858137617,0.440059976982852,0.507,0.444,1
"FOXN3",0.00108162733078198,0.371411725702619,0.413,0.336,1
"ASCC2",0.0011193119866742,0.749100796169414,0.133,0.08,1
"MED6",0.00116538872592637,0.512453682965931,0.223,0.157,1
"RB1CC1",0.00117620884582025,0.53847519340276,0.248,0.182,1
"MHENCR",0.00119435342291399,0.265127294416628,0.508,0.431,1
"TMEM245",0.00121485527811732,0.748571501104287,0.127,0.075,1
"HTATSF1",0.00122411624629263,-0.398435440070238,0.217,0.289,1
"ZNF638",0.00124060864980262,0.49268075023397,0.26,0.192,1
"TMEM33",0.00125476619871217,0.756978081767116,0.109,0.061,1
"PAG1",0.001264518795652,0.432772497364782,0.358,0.285,1
"ISG15",0.00129104454583539,0.618986670940398,0.296,0.234,1
"ACAA2",0.00129333082010396,-0.651570348087195,0.083,0.133,1
"INPP4B",0.00130230450480985,-0.514272509069305,0.204,0.269,1
"PRELID1",0.0013268475500241,-0.338931308976487,0.356,0.444,1
"GSTO1",0.00136262289276432,-0.37020431416342,0.233,0.305,1
"MBD5",0.00139166473069634,0.614205406664195,0.22,0.159,1
"NRIP1",0.00141380926823834,0.605881442163276,0.202,0.141,1
"HCFC1",0.0014804759006933,0.643712037307284,0.127,0.075,1
"CDKN2D",0.00148560360407536,0.431308129902057,0.359,0.293,1
"CNN2",0.00152596075608473,0.302219990683072,0.493,0.428,1
"RNF4",0.001543484318162,0.56645797137909,0.16,0.103,1
"KMT2E",0.00157643649141892,0.283719182330263,0.565,0.507,1
"ZNF766",0.00161101286443416,0.535787276424698,0.198,0.138,1
"ERGIC2",0.00162271655581181,0.694216046488131,0.223,0.164,1
"RBM25",0.00163755438278046,0.282499943935518,0.45,0.364,1
"DDX17",0.00167356671628807,0.308013055710341,0.607,0.554,1
"SMARCA4",0.00168702136006585,0.731494455656299,0.126,0.077,1
"TLK1",0.00174423260472176,0.400192700880246,0.329,0.261,1
"ZNF292",0.00175274807204966,0.507271959214313,0.322,0.254,1
"CYLD",0.00176637921334286,0.321324980891718,0.466,0.393,1
"CD55",0.0017950053534067,-0.274779711598988,0.422,0.498,1
"CCDC66",0.00180762403183346,0.433281153862451,0.342,0.274,1
"AFF4",0.00181226955864927,0.627011521811172,0.181,0.125,1
"MRPL24",0.00186680199659257,-0.658316816334694,0.083,0.131,1
"RIC3",0.0018685500524998,0.546962519970285,0.311,0.256,1
"MRPL23",0.00187596664368272,0.573079742278659,0.195,0.136,1
"TTC14",0.00193806999230593,0.327416114048358,0.381,0.311,1
"ZFP36L1",0.00210017472066034,0.346364475665832,0.492,0.428,1
"ASH1L",0.00210330650529893,0.448609010052421,0.33,0.264,1
"WHAMM",0.00213152878366273,0.539979917036754,0.204,0.146,1
"FOXO1",0.0021906557399,0.51084615645016,0.206,0.148,1
"GADD45B",0.00222028201474621,0.556911779264385,0.239,0.179,1
"HMGB2",0.00226256459929279,0.274619641448532,0.573,0.497,1
"AC004889.1",0.00226734722922143,-0.705178328768714,0.065,0.108,1
"CCL5",0.00236703693847534,1.14090649882915,0.119,0.074,1
"WASHC3",0.00238773385270234,-0.447628470887795,0.136,0.193,1
"N4BP2L1",0.00241818722173344,0.334485689861242,0.284,0.223,1
"UPF3B",0.00248356067586057,0.791878988739037,0.105,0.061,1
"PF4",0.00253496740936054,0.937045267815896,0.123,0.075,1
"ARHGEF1",0.00257560929591391,0.289932673492441,0.495,0.418,1
"CEMIP2",0.00257618952366174,-0.485008042940014,0.144,0.2,1
"GBP2",0.00259140876040713,0.491075841396825,0.235,0.174,1
"ATF6",0.00268286995979146,0.614532490024263,0.172,0.116,1
"KDM5B",0.00268625102205962,0.74077279642126,0.123,0.075,1
"LCMT1",0.00274422295736382,-0.627147680836939,0.067,0.11,1
"TLE4",0.0027479548865076,0.388422829010407,0.332,0.262,1
"NASP",0.00276290739050098,-0.375206463540525,0.222,0.29,1
"ZSCAN16-AS1",0.00285374693759536,0.559679645557481,0.227,0.167,1
"SNX6",0.002881939837877,-0.294151134948466,0.42,0.495,1
"VSIR",0.0028917908095739,-0.397649964439438,0.241,0.307,1
"PLAG1",0.00291887547325506,0.702299473866965,0.129,0.082,1
"LY6E",0.0029296219625528,0.339237207404687,0.442,0.389,1
"M6PR",0.00302265037386315,-0.314334394918753,0.297,0.366,1
"SEC61B",0.00304349886001372,-0.290463913884548,0.468,0.546,1
"MED13L",0.00305516962707231,0.455060090104152,0.251,0.187,1
"COMMD2",0.00307452385542672,0.41981372613355,0.269,0.202,1
"SNHG14",0.00309984103187532,0.395996166816127,0.376,0.305,1
"ALDH9A1",0.00310055121526072,-0.648674241799254,0.092,0.138,1
"EPSTI1",0.00312018709438791,0.786918765697802,0.104,0.061,1
"OTULINL",0.00313712926696378,0.60138714182221,0.188,0.133,1
"SDHD",0.00323959856102235,-0.292401135755071,0.26,0.336,1
"FCER1G",0.00336677200152323,-0.52130387344001,0.146,0.202,1
"SLC25A36",0.0033752267801156,0.429559065148892,0.249,0.187,1
"SPAG7",0.00340829738191592,-0.397091879492381,0.245,0.307,1
"PPP1R35",0.00343377996958195,0.44930934164897,0.245,0.187,1
"SNRPD1",0.00352607699411235,0.284857431049124,0.425,0.37,1
"ELMO1",0.00355759440318954,0.699374016452308,0.126,0.08,1
"NUCB1",0.00357268188559867,0.482370470884541,0.181,0.125,1
"SMG6",0.00361195102049049,0.850272890360552,0.108,0.066,1
"RNMT",0.00368238178445939,0.340979811699591,0.419,0.352,1
"TNKS2",0.00374317788267271,0.75956684600034,0.139,0.092,1
"SUMO3",0.00374682384745842,0.462822102040459,0.289,0.23,1
"UPK3BL1",0.00374967543014778,0.655386726247282,0.162,0.111,1
"NOL7",0.00375807590395409,0.273911460207685,0.551,0.492,1
"HPS4",0.00376841087756271,0.566148274729412,0.165,0.111,1
"SNHG1",0.00377688332514133,0.378676434295923,0.274,0.208,1
"ANXA6",0.00378472964480638,0.404667466796906,0.311,0.248,1
"OSER1",0.0038000391467131,0.630004827137609,0.183,0.133,1
"CCDC18-AS1",0.00383378940865549,0.399461729714839,0.318,0.254,1
"MIER1",0.00388629126292408,0.380065823108552,0.362,0.298,1
"ATAD1",0.0039124219310895,0.667518867646397,0.12,0.075,1
"C18orf21",0.00391990093968679,0.61344114494827,0.105,0.062,1
"CDC37",0.00393527576396952,-0.295843506839278,0.299,0.367,1
"RAB18",0.00406636164891368,0.377152143435687,0.218,0.157,1
"MTERF4",0.00416345857071262,0.341485687056144,0.355,0.287,1
"AC005842.1",0.00421650129942044,-0.702957309695235,0.083,0.125,1
"ARFGAP2",0.00423831724177929,0.523490178857513,0.166,0.116,1
"MLLT3",0.00424508791824599,0.46286172898458,0.228,0.167,1
"FBXO3",0.00424734376571062,0.622957942641329,0.172,0.121,1
"RAPGEF6",0.0042577894053496,0.32778048856056,0.355,0.297,1
"CWC15",0.0043072519005861,0.297988171539677,0.443,0.372,1
"ZNF92",0.00432060739741335,0.563012323718717,0.16,0.11,1
"ABI2",0.00461651919029023,0.747366839932427,0.117,0.075,1
"PCIF1",0.00465595407494877,0.470788145583982,0.217,0.161,1
"SPTBN1",0.00466197371795451,0.335498993529637,0.327,0.269,1
"CTCF",0.00469284758741035,0.484853469342426,0.245,0.187,1
"TMEM14C",0.00475053087778561,-0.404006548715917,0.255,0.313,1
"BAX",0.00477030073059018,0.361867790946695,0.317,0.259,1
"ICAM2",0.00478198989409834,-0.400015739111226,0.134,0.189,1
"KDELR2",0.00484166051907558,0.505669028168748,0.194,0.143,1
"NXT1",0.00487522801278465,0.56739683139058,0.178,0.128,1
"PCF11",0.00489194344391979,0.382184789097296,0.281,0.223,1
"NOL11",0.00509173890922764,0.502731964139356,0.179,0.125,1
"MTCH1",0.00518725461441659,0.395810566167231,0.274,0.21,1
"NFATC2IP",0.00525740642723513,0.534259911818443,0.17,0.118,1
"RICTOR",0.0052994864765017,0.301633510588514,0.293,0.23,1
"TPRG1L",0.00542884870868326,0.47553104175312,0.143,0.093,1
"IRF9",0.00549429649898883,0.438647688133677,0.217,0.164,1
"MTRNR2L8",0.00560090905846572,0.372157539284344,0.374,0.321,1
"NDUFAB1",0.00561228360563672,-0.284570360126076,0.33,0.4,1
"KIAA0355",0.00561950123220913,0.540967050424931,0.202,0.148,1
"ELP2",0.00564686811161489,0.576756590785243,0.194,0.143,1
"CD69",0.0056729944929834,-0.311565820346998,0.354,0.421,1
"CD28",0.0056772536185209,0.548346013743761,0.156,0.107,1
"MSI2",0.0056954672611066,0.480940024272132,0.254,0.198,1
"AIMP1",0.00573314802575111,0.355923390721545,0.472,0.43,1
"ZNF431",0.00573548555374533,0.417779586963482,0.181,0.128,1
"EIF5",0.00578976733119566,0.266056529967722,0.512,0.461,1
"NOG",0.00598780976156973,0.480277731671749,0.135,0.089,1
"DDRGK1",0.00601746219321047,-0.453063666589326,0.114,0.162,1
"USP3",0.00615577162934503,0.382157061375646,0.302,0.241,1
"XPO4",0.00622893180203597,0.524718432047386,0.131,0.085,1
"SLU7",0.00629607713766385,0.542198756105214,0.221,0.17,1
"SREK1IP1",0.00631811118360797,0.421269113862888,0.222,0.167,1
"FNBP4",0.00632571244556921,0.32678078653074,0.335,0.274,1
"CCNT1",0.00633755082911131,0.598660788634126,0.158,0.111,1
"ARF3",0.0063967422015754,0.521430526033491,0.123,0.079,1
"RNPC3",0.00648873442662627,0.549046003039294,0.148,0.1,1
"MYLIP",0.00656448666038429,0.423515091704779,0.275,0.216,1
"REX1BD",0.00659257538537018,0.270248987628238,0.507,0.443,1
"SH3BP5",0.00661533163315822,-0.504599696209342,0.112,0.159,1
"YIPF3",0.00671141020512366,-0.664672912534536,0.069,0.108,1
"KLHL28",0.00674746665386278,0.646157891856101,0.137,0.093,1
"DBF4",0.00681713368940882,0.626796026073624,0.157,0.11,1
"SEC13",0.00682497395919294,0.671033576436658,0.106,0.066,1
"PPP2R5E",0.00689790401621268,0.460115694284647,0.269,0.215,1
"TAB2",0.00692817213261397,0.283837006955239,0.274,0.213,1
"SLC12A6",0.00694053834802561,0.564985479533391,0.15,0.103,1
"AKT2",0.00694371984124755,0.637834027788577,0.106,0.066,1
"MRPS26",0.00710141548555456,-0.458118611481387,0.143,0.192,1
"EIF1B",0.00732835105953973,0.300641710187765,0.407,0.349,1
"MYO9B",0.00739794010482102,0.686303972260375,0.121,0.08,1
"FAM192A",0.00764690313366598,-0.494525168063294,0.109,0.154,1
"RBM48",0.0076562738338959,0.480235163367608,0.13,0.087,1
"LDLRAP1",0.00766862299242332,-0.324172706524367,0.349,0.402,1
"MAGEH1",0.00766932886518075,0.695783193788563,0.108,0.069,1
"AIDA",0.00767124174977493,0.508101477541575,0.217,0.166,1
"ZNF143",0.00770629978474522,0.573828519732763,0.107,0.067,1
"KTI12",0.00783251862162841,0.711057194270101,0.121,0.08,1
"ZFP91",0.00790596570712665,0.499639429077898,0.208,0.157,1
"PHYKPL",0.00794727885190823,0.603101262166136,0.161,0.115,1
"CEP350",0.00802043358140958,0.462671293043925,0.252,0.198,1
"ZNF507",0.00804293850543669,0.510591077374147,0.114,0.072,1
"SERPINB6",0.00814733367863919,0.414863470218556,0.262,0.207,1
"ZCCHC3",0.00816439209722539,0.776909804956142,0.106,0.067,1
"PHAX",0.00818164334541796,0.422733073228798,0.24,0.185,1
"PPP2CA",0.00829429641203948,0.493527358719392,0.18,0.131,1
"RSF1",0.0083009700449934,0.386412372904537,0.349,0.297,1
"CYFIP2",0.00845812333336196,0.284351518876603,0.374,0.308,1
"EPC1",0.00848103312247406,0.252045787718252,0.542,0.479,1
"PJA2",0.00849333233441077,0.349780921644251,0.397,0.336,1
"EIF4EBP2",0.00856065176641854,0.436888619888498,0.174,0.125,1
"CTSD",0.00867120053349011,0.519125488532233,0.181,0.133,1
"RAB14",0.00877272222838694,0.358418504309252,0.316,0.259,1
"RALGAPA1",0.00879495109423301,0.782796059398891,0.118,0.079,1
"FBXO32",0.0089676983003654,-0.272124676883623,0.331,0.389,1
"ARID5A",0.00898518815789135,0.61710047164456,0.131,0.09,1
"NFE2L2",0.0090744010915427,0.294459322045834,0.28,0.225,1
"JUN",0.00917313503772638,0.646462687811916,0.116,0.075,1
"GLRX",0.00927464815533089,-0.310462941404541,0.341,0.397,1
"TRMT112",0.00927840673842279,-0.251999453143747,0.537,0.593,1
"RPRD1A",0.00928501572764775,0.49636918127526,0.117,0.075,1
"QARS",0.00932412303863637,-0.51715061834215,0.12,0.166,1
"NUDC",0.0093886635334524,0.30999618853767,0.379,0.323,1
"AC008105.3",0.00939228103764901,0.445070342265657,0.246,0.193,1
"SACM1L",0.00962563851779207,0.671876848849729,0.128,0.087,1
"SMC5",0.00970432069003652,-0.443976425777557,0.167,0.221,1
"HACD4",0.00973043043851494,-0.516107605515471,0.129,0.175,1
"SNHG3",0.00973468092400411,0.324689489267704,0.383,0.328,1
"P2RY10",0.00980472965684483,0.469369262155233,0.2,0.149,1
"HELZ",0.00985831712809307,0.472430749537127,0.191,0.144,1
"RNF145",0.00986718736427174,0.491531610858272,0.276,0.226,1
"NDUFA7",0.00998955192757196,-0.434963794540848,0.219,0.274,1
"ZRSR2",0.0100530525065816,0.43492422505202,0.197,0.151,1
"ATXN2L",0.0101454246187248,0.410014405168224,0.172,0.123,1
"OGA",0.0103167202421608,0.429252085550094,0.271,0.215,1
"RAP2C",0.0103276364609928,0.522040140192451,0.12,0.08,1
"CPNE2",0.0103386749286396,-0.640980194328862,0.081,0.118,1
"KPNB1",0.0103860524030651,0.402573257048259,0.294,0.241,1
"GANAB",0.0104335047829934,0.617302658721082,0.12,0.08,1
"YPEL5",0.0104387250123827,0.374788268211231,0.277,0.223,1
"KIF5B",0.010457012995855,0.316094209614317,0.287,0.226,1
"LYRM2",0.0104844556939264,0.415923167805204,0.248,0.198,1
"UTRN",0.0104971300734499,0.568808054274633,0.214,0.167,1
"SLF2",0.0105333329822406,0.666259383181321,0.102,0.066,1
"DNTTIP2",0.0108374175538709,0.339580278792872,0.285,0.23,1
"THAP12",0.0109281491942277,0.439970048545774,0.286,0.233,1
"AKAP8L",0.0110643041841603,0.425514251461274,0.183,0.136,1
"DNAJB1",0.0111796888571959,0.276491097707228,0.447,0.398,1
"MINCR",0.0112536101142164,0.675881588337669,0.134,0.093,1
"C5orf24",0.0113088810403449,0.5242949722168,0.199,0.152,1
"GTF2B",0.0113873377669598,0.39560145880209,0.251,0.198,1
"ZNF281",0.0114630031585713,0.581553966771894,0.138,0.095,1
"REV1",0.0114931974679176,0.48054870058895,0.135,0.092,1
"SGTB",0.0115446558806455,0.437718318152045,0.249,0.198,1
"ATF7IP2",0.0117750515517083,0.303312239700594,0.49,0.436,1
"RWDD3",0.0117953931993793,0.390870517089308,0.258,0.203,1
"HIKESHI",0.0121157927015539,-0.468952793646943,0.164,0.213,1
"HPS1",0.0121368113613855,0.449422967620867,0.152,0.108,1
"ODC1",0.0121700983486989,0.372347931146264,0.291,0.241,1
"CD2AP",0.0124268990725427,-0.396325804280671,0.124,0.169,1
"ARID4B",0.0125050427730084,0.303662764535959,0.411,0.356,1
"ZEB1",0.0126560699848324,0.318063336956801,0.195,0.143,1
"TNFSF8",0.0127986763629377,-0.377224682981838,0.167,0.22,1
"OFD1",0.0128093664389091,0.568897544593598,0.235,0.187,1
"RAB29",0.0128102453391484,-0.41301344415364,0.113,0.156,1
"AK5",0.0128471727822732,-0.472086775038647,0.145,0.192,1
"WDR89",0.0128748394494648,0.569414775625444,0.115,0.077,1
"Z93930.2",0.0128931673220762,0.789770960904745,0.104,0.069,1
"AKIRIN2",0.0131154054615432,0.570989020737022,0.133,0.093,1
"ZNF639",0.0131201727693815,0.390923764127114,0.222,0.17,1
"PYROXD1",0.0131821802051651,0.594467915507876,0.152,0.111,1
"ITGA4",0.0132841692076775,-0.366453428361738,0.38,0.439,1
"NIPSNAP1",0.0132876005248962,-0.601926006212244,0.081,0.116,1
"OXCT1",0.0133851223035161,0.585281787661259,0.109,0.072,1
"TRA2A",0.0135177592167428,0.337286374545065,0.328,0.277,1
"MFSD14C",0.0136808656797478,0.441905866791026,0.134,0.093,1
"HIF1A",0.0137406172868922,0.282315269644959,0.198,0.146,1
"KLF6",0.0137901400661069,0.422714634042967,0.205,0.157,1
"PSMB4",0.0138473007650895,-0.281018773757495,0.285,0.339,1
"CHCHD7",0.0140010659195204,-0.297067964763778,0.235,0.293,1
"NIPBL",0.0140086768527209,0.359236163410634,0.287,0.234,1
"BNIP2",0.014316273998006,0.318995077084684,0.309,0.252,1
"PPTC7",0.0145172111730411,0.53008938516583,0.106,0.069,1
"CHMP7",0.0145176875891673,0.425843956914433,0.219,0.172,1
"KATNBL1",0.0145728082525419,0.569836435672302,0.168,0.126,1
"UPF2",0.0146030579501882,0.384706450636957,0.179,0.131,1
"TMEM263",0.0147115950911527,0.366986392079991,0.199,0.151,1
"NFIA",0.0147194987128542,-0.561172392450001,0.078,0.113,1
"SULF2",0.0148007876820561,0.531943784860843,0.109,0.072,1
"CISD2",0.0148791197760404,-0.398623116514259,0.079,0.116,1
"CHD4",0.0154602892415606,0.288578903502533,0.268,0.21,1
"THOC3",0.0155236574085839,-0.471090018920198,0.133,0.177,1
"HSPD1",0.015536804759727,-0.271621552642512,0.384,0.441,1
"PPIL3",0.0157741280695216,-0.256086062170159,0.103,0.146,1
"CCDC84",0.0159132068400604,0.603431167897613,0.122,0.085,1
"ASB8",0.0159993637146595,0.407363666008876,0.186,0.141,1
"ITPR1",0.0160257382893033,0.462244106800683,0.147,0.103,1
"RBX1",0.0160961478765846,-0.266428164873539,0.459,0.531,1
"YBEY",0.0161066982824042,-0.370536168885568,0.183,0.236,1
"PHB2",0.0162962827507802,-0.280555658071276,0.336,0.4,1
"SGK3",0.0164157459653759,0.679283824659617,0.107,0.072,1
"HSCB",0.0164457076019492,-0.448528013195797,0.073,0.108,1
"CEP170",0.016500174567321,0.620890114572479,0.104,0.069,1
"SZRD1",0.0165003906601121,-0.516850656012934,0.128,0.169,1
"NKG7",0.0165254655781266,-0.458648123243555,0.079,0.115,1
"PYCARD",0.0166535175155712,-0.45901999261897,0.137,0.182,1
"CDC73",0.0169275118770643,0.517973581088541,0.18,0.138,1
"CD320",0.0169570697009582,-0.490531920190367,0.103,0.143,1
"KMT2A",0.0170331829766398,0.294140717536261,0.416,0.369,1
"S100A9",0.0171372545536824,-0.304972366148935,0.128,0.172,1
"TMEM9B",0.0172417619324172,-0.438907987750228,0.116,0.156,1
"HSF1",0.017268040085693,0.481849386242385,0.114,0.077,1
"ABI1",0.0174467122770971,0.460555340006919,0.207,0.159,1
"PPM1K",0.0175143035367875,0.382882144418506,0.235,0.185,1
"NDUFA8",0.0175355717290831,-0.524646910511912,0.105,0.144,1
"PPP6C",0.0177837567239856,-0.481745293342368,0.117,0.157,1
"IRS2",0.0178514123316237,0.562676935246218,0.11,0.074,1
"SMAD4",0.017886441399485,0.572718937422279,0.128,0.09,1
"STK10",0.0179049134700733,0.275837509557298,0.279,0.226,1
"BRWD1",0.0181221796865909,0.359218034602746,0.221,0.174,1
"SREK1",0.0181295989659577,0.345498976914758,0.204,0.156,1
"MRPS27",0.0182532512169551,-0.514742908039042,0.085,0.121,1
"COX20",0.0183524557584786,-0.323344014514474,0.21,0.261,1
"PIGC",0.0184221739983016,0.428769091750754,0.169,0.126,1
"KDM6A",0.0187089009189942,0.553195287191376,0.118,0.082,1
"KANSL1",0.0187767661607404,0.331567032574609,0.363,0.302,1
"FAM76A",0.0188961963334323,-0.67653490306688,0.07,0.102,1
"ALOX5AP",0.0189785413234285,-0.3909810189181,0.176,0.22,1
"PPM1B",0.0193829784692692,0.437174851875815,0.176,0.133,1
"POU2F2",0.0196193196719786,0.380964974382966,0.141,0.1,1
"GTF2F1",0.0196420092359192,0.356599104787902,0.226,0.175,1
"COMT",0.0196853814169402,0.489289783297587,0.171,0.128,1
"TRAPPC2L",0.0197643681482221,-0.29094916638055,0.183,0.234,1
"FBXO33",0.0198037942913145,0.408532725402343,0.181,0.134,1
"TNRC6A",0.0198663444603757,0.458186703241599,0.216,0.169,1
"KRAS",0.0199461808638685,0.271917088142395,0.292,0.238,1
"ZBTB11",0.0201766517568036,0.583492204166852,0.111,0.075,1
"MED23",0.0202662591261887,0.504170121515363,0.159,0.12,1
"EMC6",0.0203736960994268,0.420939280512454,0.228,0.18,1
"RAB5A",0.0204347699943898,0.464680030999388,0.141,0.102,1
"PDCD10",0.0207107937024374,-0.389330090832195,0.224,0.27,1
"OAT",0.0207258727012824,0.476731515586831,0.104,0.069,1
"PTPN18",0.0207609203032099,-0.445206317735128,0.085,0.121,1
"RBM7",0.0209916260056702,0.429760729596923,0.175,0.131,1
"SNRNP27",0.02110073573089,0.381686800619581,0.213,0.167,1
"AC136475.5",0.0214127005368128,-0.395238598008659,0.086,0.121,1
"LPIN1",0.0214949319496326,0.503817034774274,0.112,0.077,1
"ZFP14",0.0214960767330921,0.74612778884361,0.135,0.098,1
"CAPNS1",0.0215379205342337,0.413714842355945,0.242,0.195,1
"TMED3",0.0215638632440145,0.461139132975514,0.145,0.105,1
"CANX",0.0217762960192392,0.302875687138256,0.31,0.257,1
"WAKMAR2",0.0220724074207547,-0.386874046056517,0.095,0.133,1
"HOOK3",0.0221414341631141,0.480638913220526,0.149,0.108,1
"SELENOM",0.0221694138421493,0.365150204466458,0.265,0.218,1
"RNF139",0.0222163206678761,0.454184310459576,0.138,0.098,1
"PSMA5",0.0222723864662936,-0.304684808481003,0.257,0.303,1
"MT-ND6",0.0222862141920869,0.391675104070725,0.224,0.179,1
"AL662844.4",0.0222948113681453,-0.38628096599395,0.144,0.187,1
"NCKAP1L",0.0223346080720283,0.472388817674605,0.199,0.156,1
"WDR73",0.0224762419521074,0.465403186160673,0.125,0.089,1
"TSPYL1",0.0224944579106918,0.256245244485432,0.254,0.203,1
"SCAF8",0.0225306179534952,0.470766738107428,0.113,0.077,1
"CEP95",0.0226648902015192,0.554920975509652,0.142,0.105,1
"DTD1",0.0227028912441354,0.48781700185169,0.18,0.141,1
"FBXO11",0.0227734335460534,0.426325762205518,0.184,0.144,1
"PLIN2",0.022827097205669,-0.447958290722631,0.096,0.133,1
"TWISTNB",0.0228997505503166,0.470550179090314,0.164,0.123,1
"LGALS1",0.0229348748137293,-0.488592963452523,0.113,0.151,1
"PPIE",0.0232304523703769,0.338915872633991,0.186,0.144,1
"MRPL10",0.0232633721580355,0.756486702786171,0.101,0.069,1
"PABPC4",0.0234993156083029,0.252855537669946,0.367,0.313,1
"KPNA5",0.0235397150737946,0.574347380563443,0.163,0.125,1
"CFAP298",0.0238801526512088,-0.301659207060615,0.176,0.223,1
"ROCK1",0.0239635227354836,0.258599915304491,0.299,0.243,1
"CCT7",0.0244441078187595,-0.28071443028095,0.34,0.389,1
"CNOT7",0.0245500426408359,0.307842032209684,0.37,0.321,1
"ATP2B1",0.024593701469742,-0.298841450629779,0.135,0.177,1
"ZNF721",0.0246514314268415,0.326952631262952,0.225,0.18,1
"MIATNB",0.0247616317115006,0.535970757846907,0.103,0.07,1
"FBXW5",0.02494705342809,-0.458685998847125,0.116,0.152,1
"BNIP3L",0.0249860136699645,0.31559370095921,0.272,0.226,1
"WDR33",0.0249890501841393,0.382105521978278,0.26,0.215,1
"DYNLL2",0.0252374632816017,0.349978561326121,0.213,0.17,1
"IL23A",0.025327627170261,0.510688592095987,0.102,0.069,1
"MALSU1",0.0255371744084143,0.439606375858268,0.168,0.13,1
"OSTF1",0.0255991622302801,0.261455651218738,0.329,0.277,1
"WBP11",0.0256818014379902,0.301931357594633,0.329,0.279,1
"RSRC2",0.0257306520110189,0.331842952615448,0.288,0.241,1
"CCZ1",0.0258136209783416,0.43804027521111,0.161,0.12,1
"NUB1",0.0258876874398921,0.252314275805969,0.313,0.261,1
"BEX2",0.0259932113712669,0.404742415927684,0.324,0.285,1
"EIF2AK4",0.026076897883376,-0.565690538183419,0.071,0.102,1
"TENT2",0.0260899726964784,0.423713613796687,0.173,0.13,1
"SAMD3",0.0260910414160417,-0.381520017400947,0.206,0.249,1
"APBB1",0.0262532625198989,0.704716694355163,0.12,0.087,1
"AC013264.1",0.0263214016091594,-0.37038320320727,0.135,0.175,1
"ILKAP",0.0263569862788806,0.502312965952146,0.141,0.105,1
"VDAC3",0.0266825115842689,-0.301006153420902,0.21,0.256,1
"LY9",0.0267375734440659,0.298996141314706,0.201,0.154,1
"DGKD",0.0268384139912382,-0.495247936184863,0.131,0.169,1
"ITGB2-AS1",0.0268542864218218,0.447932934339793,0.15,0.113,1
"MED29",0.0268979461615294,-0.521326820343559,0.076,0.107,1
"HNRNPH2",0.0269529119095755,0.405883136015646,0.211,0.167,1
"CSGALNACT2",0.0269812957543292,0.431373169128169,0.202,0.159,1
"NCF1",0.0273647036429093,0.341238286324857,0.193,0.151,1
"NDUFV3",0.0273827971351715,0.530450329262911,0.155,0.12,1
"RPAP2",0.0274104134140127,0.396144161573371,0.154,0.115,1
"LAMP1",0.0274950523579428,0.328214895675184,0.26,0.213,1
"ZNF326",0.0275856352976844,0.264790946375731,0.174,0.128,1
"RAMAC",0.0276588108996123,0.458499677183153,0.124,0.09,1
"ZC3H7A",0.0277840134721025,0.452602929468171,0.189,0.151,1
"LCP2",0.0290621158123126,0.346920213584044,0.306,0.261,1
"KYAT3",0.0290664014788398,-0.462799173963895,0.095,0.13,1
"AC009950.1",0.0292250096252535,0.597928042586559,0.1,0.069,1
"ILF3",0.0292329214630366,0.374839063482545,0.284,0.238,1
"ILF3-DT",0.0293166374644334,0.280433800444037,0.407,0.362,1
"NAAA",0.0295238195450679,0.371286989080417,0.176,0.136,1
"CLK3",0.0299336363766671,0.481479065814395,0.116,0.082,1
"GNPDA1",0.0299522169503377,-0.463065690090359,0.1,0.134,1
"TMEM126A",0.0299729630808619,-0.345494775995429,0.13,0.17,1
"PIK3CA",0.0301422948546536,0.437917375020375,0.149,0.111,1
"CREB1",0.0301739600732411,0.368292017087473,0.193,0.151,1
"AIP",0.0302237308737684,0.286454984145891,0.377,0.333,1
"SLC16A7",0.0302819475553039,0.495666372270385,0.194,0.154,1
"TMEM41B",0.0303306530479035,0.302847520340827,0.214,0.167,1
"SRA1",0.0305393632160951,-0.467553894073437,0.089,0.123,1
"ELK3",0.0305682938583591,-0.475120159270839,0.083,0.115,1
"PRPF38B",0.0306538817200498,0.289163441279335,0.385,0.339,1
"RBM42",0.0309030864474897,-0.556770486409459,0.076,0.107,1
"LINC02273",0.0309746927642494,-0.299265257976193,0.167,0.211,1
"ARRB2",0.0310715430403974,0.323388995973931,0.344,0.3,1
"N4BP2",0.0311594291281708,-0.463602813811343,0.161,0.198,1
"SERTAD2",0.0311604350046674,0.452225661661418,0.128,0.093,1
"FCGRT",0.0311716214747438,0.439172683339764,0.21,0.17,1
"PCGF5",0.0312177909234793,-0.266958129388692,0.316,0.374,1
"MMADHC",0.0313229155579055,0.328991015124723,0.239,0.192,1
"DGKZ",0.031383281903473,0.379151774946253,0.275,0.233,1
"CORO1B",0.0315572594550229,0.512078594120434,0.205,0.166,1
"MOCS2",0.0317277285513036,0.522679491206139,0.141,0.105,1
"SPG11",0.0317896210465566,0.539348288945167,0.126,0.092,1
"SCAPER",0.031882405345368,0.410270839612909,0.117,0.082,1
"CREBZF",0.0320859486320682,0.381549432074242,0.215,0.174,1
"SCAF4",0.0320941224797977,0.379997392557348,0.15,0.113,1
"C1orf43",0.0322337134266142,0.378841010018969,0.185,0.148,1
"GCHFR",0.0323279667811812,0.388589114367422,0.16,0.12,1
"USP7",0.0328963105833202,0.408198813296658,0.229,0.189,1
"LIMS1",0.0330039357893357,0.588680597354128,0.117,0.084,1
"PKN2",0.0332781793172011,0.397232845926247,0.132,0.097,1
"MAT2B",0.033571214127869,0.291302114824367,0.368,0.326,1
"PABPN1",0.0336305073961996,0.385349225820427,0.217,0.174,1
"CIR1",0.0336645467375896,0.341010736189845,0.378,0.334,1
"PSMB5",0.0339934667118816,-0.388800699691253,0.124,0.161,1
"RBM43",0.0340003440489043,0.451150614452396,0.201,0.161,1
"FAM120AOS",0.0340020312601569,0.396324553044779,0.153,0.116,1
"PADI4",0.0342522137121708,-0.521316673197298,0.076,0.107,1
"RRP15",0.0343844951039558,-0.424244681833608,0.138,0.175,1
"UBA1",0.0345854998055439,0.369655324971904,0.116,0.08,1
"ZSWIM7",0.0346894746147247,0.266363880671416,0.236,0.192,1
"PRKAA1",0.034703637446639,0.32823496992957,0.156,0.12,1
"PDE4D",0.0348601635416196,0.531726830008135,0.101,0.07,1
"SLC25A38",0.0352861318779588,0.659197927785986,0.107,0.077,1
"XRN1",0.0355448107963821,-0.412265002790507,0.214,0.257,1
"PHC3",0.0356285125266375,0.421318827624956,0.25,0.21,1
"SPN",0.0356986690390061,-0.350566745511375,0.162,0.202,1
"BX284668.5",0.036060284169912,0.483453083499356,0.109,0.077,1
"RASAL3",0.0361927244779025,0.353902679878769,0.25,0.208,1
"TUBA1A",0.0362782276688049,0.281131392470973,0.319,0.269,1
"PIGBOS1",0.0364058773891822,-0.370099919737221,0.103,0.138,1
"PRELID3B",0.0364350571844548,-0.422437143356371,0.13,0.166,1
"ZNF644",0.0364921936220766,0.330203436889905,0.258,0.213,1
"RAD50",0.0365571910350493,-0.294773152019498,0.142,0.182,1
"AC020915.2",0.0366047588319209,-0.359546838670681,0.07,0.1,1
"RUNX1",0.0368823675241928,0.47054833977578,0.132,0.097,1
"PPP6R3",0.0369564265151991,0.411734526705325,0.181,0.143,1
"CCDC6",0.037040147348737,-0.552532497738153,0.09,0.121,1
"DENND1C",0.0372607586339236,0.366770760934326,0.114,0.08,1
"ZNF708",0.0373979972701577,0.312979560028597,0.206,0.166,1
"MXI1",0.0374585979156887,0.572434222221497,0.131,0.098,1
"COG5",0.0376308434242718,-0.430736670380657,0.084,0.115,1
"KPNA6",0.0377207183710288,0.49252343948979,0.142,0.107,1
"ECI2",0.0378395706062112,-0.450768906402275,0.119,0.154,1
"GTPBP4",0.0378588443523876,0.47526013501236,0.181,0.144,1
"CDK6",0.0378722022243816,0.461590747287529,0.167,0.13,1
"RNF216",0.0379055613337585,0.331114421913419,0.281,0.236,1
"CENPK",0.037972883047493,-0.354022724044422,0.244,0.287,1
"SEPTIN2",0.038070507820055,0.305322261455812,0.285,0.241,1
"STAMBP",0.0381417578670863,-0.408528844304176,0.079,0.11,1
"PHKB",0.0381657767121808,0.351973924060326,0.196,0.156,1
"TERF1",0.0383240876316432,0.328588781792528,0.172,0.133,1
"RSBN1L",0.0384689441360524,-0.30828984313144,0.248,0.292,1
"SF3A1",0.0387135662346459,0.373562360705669,0.19,0.151,1
"PPA2",0.0388224373945564,0.509163961633231,0.122,0.09,1
"MOAP1",0.0388228309703542,0.363313910356906,0.205,0.164,1
"CCSER2",0.0389478010708097,0.309530567096458,0.32,0.275,1
"POLR2C",0.0391207047625407,-0.275365686147866,0.244,0.289,1
"TWF2",0.0393731798673582,-0.286140252651327,0.217,0.264,1
"GOPC",0.0396580930830422,0.369415057895827,0.174,0.136,1
"ODF2L",0.0398426686149929,0.378702019921045,0.2,0.161,1
"ZBTB25",0.0399237912667625,0.399068721691129,0.222,0.184,1
"TRIM23",0.0399834309290488,0.63762227490698,0.106,0.075,1
"HBP1",0.0400488212288917,0.432439962606789,0.267,0.226,1
"JAK3",0.0400532480993361,0.33877175160387,0.197,0.157,1
"ZNRD2",0.0401196264645845,-0.524087431232299,0.074,0.103,1
"PHIP",0.040429298060573,0.366587229230775,0.244,0.197,1
"BNIP3",0.0404656678950872,-0.268851460149091,0.213,0.257,1
"ZMAT3",0.0404820493871073,-0.345977829409695,0.091,0.123,1
"FBXO34",0.0410568932218944,0.357323829249662,0.103,0.072,1
"SMARCC2",0.0413493652073489,0.351366888854007,0.199,0.161,1
"C20orf27",0.0417777059176527,0.426093260565291,0.103,0.072,1
"IDS",0.0418100699086891,0.367659906436518,0.265,0.223,1
"DPM3",0.0420892298259773,0.282299036857546,0.266,0.225,1
"IRAK4",0.0421846296452082,0.268135190156571,0.16,0.125,1
"CBLB",0.0424819105819913,0.397334997774415,0.186,0.146,1
"KCNAB2",0.0425321331871958,0.354636161541614,0.135,0.098,1
"MAP3K1",0.0425548339820309,0.497532939105203,0.163,0.128,1
"GARS-DT",0.0425871288279352,0.441305183675767,0.136,0.102,1
"RNF126",0.0427881984899764,0.336718108077288,0.243,0.2,1
"DIS3",0.0432000212461407,0.310870108386812,0.174,0.136,1
"RHOF",0.043203278177676,-0.321784700051541,0.174,0.213,1
"EIF3J",0.0433895855283258,-0.266002967243337,0.177,0.218,1
"ZBTB20",0.043649216632252,0.312642257518645,0.285,0.244,1
"TRAPPC3",0.0437374286352177,-0.339236080888757,0.134,0.17,1
"BUD31",0.0438282688240592,0.304585936609611,0.256,0.211,1
"TTC39C",0.0438334214009927,0.320039778155394,0.304,0.262,1
"DCP2",0.0439170105093226,0.310611607702315,0.186,0.146,1
"TMEM259",0.0440481736752761,0.471165586489032,0.196,0.161,1
"SPINK2",0.0440575852504999,0.599703593253889,0.111,0.08,1
"DNAJC4",0.0441151824129558,-0.351175730042126,0.129,0.166,1
"PRKCB",0.044124926885823,0.350283107990047,0.31,0.266,1
"TMEM167A",0.0445718787147378,-0.384004940383982,0.158,0.195,1
"MED11",0.0446863102184916,-0.462483643765226,0.091,0.123,1
"RAB11B",0.0450661309386822,0.326916964177977,0.157,0.12,1
"TRIM33",0.0454907210099398,0.299608041976917,0.137,0.102,1
"RPP21",0.0458168782147623,-0.354899318440696,0.164,0.203,1
"MMD",0.0459275234155324,0.458578430303773,0.103,0.074,1
"EIF3B",0.0462835926235318,0.342018240765862,0.218,0.179,1
"SDHAF3",0.0465387924640305,-0.302104650717156,0.181,0.225,1
"TMEM35B",0.0465984188910344,-0.363101212633459,0.137,0.172,1
"TAF8",0.046712362594857,0.505661379153764,0.133,0.102,1
"PRKRIP1",0.0470621384470836,0.568820247403522,0.105,0.075,1
"PIK3R5",0.047062669671892,-0.595341606662159,0.075,0.102,1
"RP9",0.0470990616060024,0.447995538290076,0.127,0.093,1
"SETD2",0.0471981001789945,0.314898456283979,0.208,0.17,1
"U2AF1L4",0.0472974347755994,0.365166090172667,0.195,0.156,1
"WDR26",0.0479510316889273,0.285139990938108,0.127,0.093,1
"CITED4",0.0482746955117278,0.284751863253237,0.249,0.208,1
"EIF2B5",0.0484780120246002,-0.31818102077607,0.09,0.123,1
"TMEM120B",0.0486607720003844,-0.344264844272,0.105,0.138,1
"INTS6",0.0486631615553101,0.253883469677664,0.178,0.139,1
"EIF5B",0.0487337489863809,0.350796220209208,0.372,0.331,1
"CYTH4",0.0488399570926907,0.323907561555364,0.132,0.098,1
"COPA",0.0489924824470266,0.286263788888958,0.224,0.185,1
"ZBTB44",0.0492692811050105,0.270936655059809,0.225,0.182,1
"ISY1",0.0494357502691644,-0.290151154075076,0.135,0.172,1
"DDX42",0.0498477059533925,0.278724513015085,0.223,0.184,1
"TRIM38",0.0499963807459984,0.436385148199874,0.184,0.149,1
"ARMC10",0.050209266500196,-0.396855145756454,0.078,0.107,1
"WDR48",0.0505273596667194,0.589769007877005,0.102,0.074,1
"YTHDF3",0.0508678820467953,0.53670801239144,0.106,0.077,1
"BCL2A1",0.0510912286551625,-0.331472975755185,0.079,0.108,1
"TNPO1",0.0512338791024836,0.342919495110735,0.144,0.11,1
"DCAF5",0.0514554946152162,0.318697895556915,0.158,0.123,1
"NRDC",0.0516100174483342,-0.351772660086451,0.18,0.218,1
"CBLL1",0.0516443710461486,0.441958393605902,0.151,0.118,1
"ZNF429",0.051664364104993,-0.467713199612444,0.084,0.115,1
"TAP2",0.0516708864822861,0.398953105226194,0.11,0.08,1
"CSNK2A2",0.0518705885849711,-0.281046278406012,0.176,0.216,1
"FDPS",0.0519558410398983,0.268314430564105,0.173,0.136,1
"ZNF37A",0.0520808101337311,0.462486637818494,0.136,0.105,1
"SPTAN1",0.0522937320601496,0.280468401430746,0.293,0.251,1
"TAF3",0.0524450982818004,0.363539783267067,0.196,0.161,1
"ATF6B",0.053074916417171,0.454874946158553,0.147,0.113,1
"KLF9",0.0532037844138821,-0.327565817859427,0.258,0.3,1
"DNAJA1",0.0532351784310401,-0.295410884851122,0.192,0.233,1
"GSK3B",0.0532681442220663,-0.346396485605881,0.108,0.139,1
"NPLOC4",0.0538806356903144,-0.40892929303578,0.076,0.103,1
"TEX264",0.0544038578526927,-0.35400188589908,0.14,0.174,1
"SINHCAF",0.0544607320711174,0.27561827594758,0.24,0.198,1
"MBNL2",0.0548086335665873,0.585852099537958,0.118,0.09,1
"LINC01215",0.0550030019201439,0.397001615390318,0.147,0.111,1
"LRRC58",0.0551369135817782,0.325493309181202,0.156,0.123,1
"INO80D",0.055146674343899,0.271458627008568,0.197,0.157,1
"DDHD1",0.0551740104123853,0.317277257354478,0.182,0.144,1
"COPS4",0.0556861684526979,-0.389433777687978,0.088,0.118,1
"ERBIN",0.055883414165966,0.25558772514563,0.343,0.3,1
"MRPS35",0.0560423987927815,-0.326660907220197,0.154,0.19,1
"CSNK2A1",0.0560871104003335,0.284343179202988,0.228,0.189,1
"CLTB",0.056200057042033,0.369106259298823,0.19,0.156,1
"NCBP2",0.0565365495593568,0.303967688278284,0.295,0.252,1
"MEF2A",0.0566567923383382,0.373945274592395,0.124,0.093,1
"CARHSP1",0.0566804406397616,-0.408664713024698,0.104,0.134,1
"SRP72",0.0567249301772832,0.262170011343156,0.371,0.333,1
"GFM1",0.0569299348032362,0.545570968416645,0.105,0.077,1
"YAF2",0.0569443012216142,0.38334126238078,0.106,0.077,1
"TRIM52-AS1",0.0572083863636759,0.290043879454373,0.222,0.182,1
"CYB5R4",0.0577452000289342,-0.56867674461397,0.075,0.102,1
"OSTM1",0.0577776841603713,-0.37025810792285,0.078,0.107,1
"DERL1",0.0578409878982804,-0.355897108264704,0.082,0.11,1
"C15orf61",0.0580037622277,-0.437374609968517,0.112,0.141,1
"MARF1",0.0580162933142124,0.432412986248962,0.134,0.103,1
"BET1L",0.0583814562957209,0.462624488047623,0.106,0.077,1
"AP5M1",0.0587778500097682,0.545444769771233,0.103,0.075,1
"DUSP12",0.0599463230455311,0.346417108689856,0.136,0.103,1
"ZNF207",0.0602358746292245,0.254085422766016,0.396,0.361,1
"CGRRF1",0.0605163673421798,0.404634544372973,0.1,0.072,1
"CTBP1",0.0606939861416276,0.335289362773798,0.158,0.123,1
"IRF2",0.0610389514969827,-0.287938525506189,0.265,0.307,1
"SUPT4H1",0.0611066279487418,0.383669526458513,0.232,0.197,1
"CCDC28A",0.0611087702418919,0.39295443186188,0.131,0.1,1
"QKI",0.0614018805753836,0.347962538672582,0.187,0.149,1
"AP3B1",0.0619777807819638,0.389187568082641,0.151,0.12,1
"CACUL1",0.0624743291061061,0.389464276760989,0.125,0.095,1
"AQR",0.0624805797632962,0.405914656599241,0.123,0.093,1
"TTC32",0.0625934200069954,0.442871128218838,0.202,0.167,1
"RMND5A",0.0626203275376702,0.453501576087584,0.117,0.089,1
"NDUFS3",0.0628463393016342,-0.301116831386728,0.163,0.197,1
"PMPCB",0.0629596221954761,0.311272377768247,0.299,0.259,1
"DCAF13",0.0631052891662542,-0.292772683513416,0.091,0.121,1
"ERO1A",0.0631723097890122,0.322575690817895,0.195,0.159,1
"UBAP2",0.0631886316449706,-0.42165338246346,0.081,0.108,1
"COPS6",0.0634980466571525,0.292494664995833,0.286,0.249,1
"ZBTB1",0.0638162477520874,0.298670392580719,0.203,0.166,1
"HNRNPL",0.0638351367644825,0.324332896887271,0.294,0.257,1
"TSPAN32",0.0640028648248816,-0.363944768236562,0.125,0.159,1
"RPN1",0.0641613000643145,0.378189205700141,0.119,0.09,1
"C16orf54",0.0647167808433359,0.30347679086413,0.237,0.197,1
"RBM26",0.064833532990911,0.254312902015203,0.306,0.266,1
"C8orf33",0.0649238264033894,0.307796349201066,0.195,0.159,1
"UBE2G1",0.0651638990027505,-0.459891386919463,0.113,0.143,1
"RALA",0.0654082332422954,-0.276929446797577,0.153,0.189,1
"AC092821.3",0.0658342183944533,0.338660572315949,0.228,0.193,1
"CDK11A",0.0660621875494754,0.323913766595286,0.142,0.11,1
"RO60",0.0662724389859539,0.403657256317409,0.26,0.225,1
"PPID",0.066507784920982,-0.351027991680779,0.113,0.143,1
"ZNF121",0.0666828914769697,0.485527806023932,0.112,0.084,1
"PIGP",0.0669074448462094,-0.316220901922464,0.176,0.21,1
"UQCRC1",0.0671188373171322,0.475859573144067,0.124,0.095,1
"CCDC130",0.0671964695983455,0.572038420655928,0.106,0.08,1
"ANAPC1",0.0672529326545596,0.284720707339262,0.127,0.095,1
"OTUD6B-AS1",0.0672891206795401,0.259892972716744,0.295,0.259,1
"AL133342.1",0.067627852757513,0.595721582122789,0.107,0.08,1
"ZNF655",0.0678446164208475,0.25665268399141,0.179,0.143,1
"HDDC3",0.0679566762246068,-0.324473040245922,0.141,0.175,1
"PSMF1",0.0680127717122272,0.266216858234839,0.204,0.167,1
"AC025164.1",0.0680753332487356,0.303810542477008,0.316,0.279,1
"BAG5",0.068170170139385,0.314856023635187,0.195,0.159,1
"NR1H2",0.068324664169362,-0.354891197249789,0.107,0.138,1
"N4BP1",0.0684118260827443,0.266705481352736,0.178,0.144,1
"NAPA",0.068433394857703,0.386770599678354,0.118,0.09,1
"BECN1",0.0684878687455202,0.386099427623429,0.217,0.184,1
"DR1",0.0687221572732184,0.298554578888313,0.175,0.141,1
"TMEM141",0.0687956080855491,-0.342063403808355,0.145,0.179,1
"ZFAND2B",0.0692118683328846,0.256937545162149,0.183,0.146,1
"DUSP11",0.0692207917690811,0.374109037765089,0.159,0.128,1
"ZC3H8",0.070269978466873,0.362849837016109,0.167,0.133,1
"NPHP3",0.0705708201988241,0.509430114981398,0.101,0.075,1
"CCDC115",0.0710153141114904,-0.291294586236633,0.148,0.184,1
"CMTM6",0.0712788819537828,0.347825577074805,0.168,0.134,1
"ZNF217",0.0714179312336959,-0.254802021252662,0.158,0.193,1
"C12orf45",0.0715990538809888,-0.335500159898664,0.167,0.203,1
"IL4R",0.0720183077896797,0.34394985376419,0.101,0.074,1
"FBXW11",0.0721624515588008,-0.263335847269824,0.105,0.136,1
"PRRC1",0.0726107080207328,0.459314343569248,0.102,0.075,1
"ASXL1",0.0728093878033772,0.283086780763121,0.264,0.23,1
"CHCHD5",0.0730095745064521,-0.302156450684298,0.157,0.19,1
"C16orf87",0.0731336953205806,0.450330515958974,0.116,0.089,1
"ZNF428",0.0737285878138634,0.291720013629986,0.233,0.2,1
"DPEP2",0.0739646530698418,-0.401605551561373,0.088,0.115,1
"STX17",0.0744210703442052,0.398834438497218,0.174,0.144,1
"HSPB11",0.0748298292058698,-0.366147115023335,0.128,0.159,1
"MMP28",0.0750471689729474,-0.256940198968265,0.081,0.108,1
"LSM12",0.0753814380736693,-0.26154295569977,0.145,0.179,1
"GLIPR1",0.0759344989812998,0.260736152882303,0.149,0.118,1
"GPI",0.0760643646865743,0.275676406088739,0.163,0.131,1
"TUBA4A",0.0760710078719837,-0.255085827624307,0.3,0.336,1
"CRTC3",0.0761469283250788,0.322879051031842,0.208,0.177,1
"GPBP1L1",0.0769542173820992,0.304190628349722,0.175,0.141,1
"PPP4R2",0.0773195646134636,0.356254548172344,0.194,0.162,1
"ACYP2",0.0780126985862152,0.454310466860046,0.124,0.097,1
"CYB5A",0.0781226950870708,-0.250909759771948,0.195,0.233,1
"DENND11",0.0783985322483065,0.313512759458192,0.117,0.089,1
"MRPS28",0.0789069339692736,-0.32393033724686,0.102,0.131,1
"S1PR4",0.0789464037748148,0.266368311404495,0.33,0.3,1
"SPNS3",0.0791728702853863,-0.353944223817593,0.156,0.19,1
"RNF6",0.0792313943130352,-0.44199547989491,0.077,0.102,1
"DTWD1",0.0793870376356502,-0.402371284626583,0.098,0.126,1
"MOB2",0.0802684259216761,-0.378066728706683,0.096,0.125,1
"TMIGD2",0.0807339378570404,0.285985321216059,0.219,0.184,1
"CLN5",0.0808512301636012,-0.256242854041244,0.236,0.27,1
"DCAF16",0.0809108697662824,0.447275981546862,0.122,0.095,1
"EIF4A3",0.0811599998304677,-0.511655792565896,0.088,0.115,1
"POM121C",0.0814911933634326,0.369650382108037,0.139,0.11,1
"PURB",0.0820869566829114,0.290000467987868,0.146,0.115,1
"CAPN2",0.0823198371499055,0.378405133777437,0.172,0.141,1
"MLLT10",0.0824254584652735,-0.388568164246325,0.095,0.121,1
"GMPS",0.0825259463605442,0.337386163991438,0.171,0.139,1
"TRMT1",0.0825766553658415,-0.390413759161547,0.076,0.1,1
"PITPNB",0.0832607490822919,-0.285939406750236,0.174,0.208,1
"DYNLL1",0.0835370836387824,-0.299126830465798,0.175,0.208,1
"LINC00476",0.0839035422771002,-0.276588250913019,0.209,0.244,1
"RPL26L1",0.0840463647001518,-0.299073816481714,0.104,0.133,1
"CHRM3-AS2",0.0841501841208043,0.339377270204957,0.212,0.177,1
"LIAS",0.084522743032157,-0.373631569174719,0.097,0.125,1
"GPR155",0.0848637851428678,0.400872059296655,0.225,0.192,1
"SLC2A3",0.0851089447279695,0.39264161859092,0.126,0.098,1
"AC022706.1",0.0851612366529635,-0.46805722496294,0.084,0.11,1
"CDK13",0.0854141139329137,0.256833037675574,0.268,0.233,1
"PPM1M",0.0856859746827194,-0.49185976547132,0.105,0.131,1
"COA5",0.0858676151386157,0.352328116959696,0.17,0.139,1
"MRPS7",0.0860091019205448,0.280129721961138,0.257,0.226,1
"AL136038.5",0.0861684022230047,0.421806633501089,0.159,0.13,1
"PTGER2",0.0863479318747052,-0.355636254524694,0.112,0.141,1
"NIP7",0.0869205764374515,0.441256192446411,0.128,0.102,1
"ECHDC2",0.0870913381517954,0.472816065488848,0.104,0.079,1
"MAGED2",0.087113345509136,-0.292071028643609,0.136,0.167,1
"SDHA",0.08726680510483,0.325603658287965,0.213,0.185,1
"HEXA",0.0876834519344705,0.386368111874668,0.132,0.103,1
"AMZ2",0.0877408078738676,0.495721253251477,0.104,0.079,1
"PCSK1N",0.0878205783410835,0.370358526472219,0.154,0.125,1
"ACADM",0.0879034362939811,-0.26538987709872,0.113,0.143,1
"DIMT1",0.0880814941240252,-0.324343860058174,0.08,0.105,1
"NFKBIZ",0.0882105154437419,0.273802026693615,0.258,0.225,1
"RAB10",0.0885602076851793,-0.477851814607702,0.094,0.12,1
"ARL16",0.0886890472575603,-0.354008552505511,0.125,0.156,1
"TTC39B",0.0887132231309473,0.305334531388487,0.142,0.111,1
"TGFBR1",0.0894101001979152,-0.382949377031515,0.076,0.1,1
"TTC28-AS1",0.0894928981262135,-0.297265782295897,0.188,0.22,1
"YTHDF2",0.0894954584410036,0.251907319245009,0.234,0.202,1
"STAT4",0.0904128245450511,0.290487382781671,0.298,0.262,1
"ARF5",0.0904806285877211,0.295446994206806,0.309,0.285,1
"PTPN1",0.0906029512617063,0.335621642794804,0.246,0.213,1
"XRRA1",0.09073028247517,-0.302466181679188,0.107,0.134,1
"LYRM4",0.0912707728235158,0.309531955765643,0.205,0.174,1
"EIF4EBP3",0.0921105622629146,-0.43457093578488,0.116,0.143,1
"TFDP1",0.0922114031243744,-0.356174892812377,0.104,0.131,1
"SLIRP",0.0925480603576559,0.251798577711783,0.314,0.27,1
"RNF169",0.0929257684343494,0.423954043290284,0.121,0.095,1
"F8A1",0.0931596298264264,0.305166711898139,0.134,0.105,1
"TIA1",0.09354509600276,0.367375396395033,0.158,0.13,1
"METTL17",0.093904874613465,0.343194877900753,0.105,0.079,1
"KIAA2026",0.0942513047316599,0.312318403922373,0.154,0.123,1
"AC138150.1",0.0944121725824877,0.460719559911426,0.118,0.093,1
"NINJ1",0.0946832162149779,0.588039972956615,0.103,0.08,1
"DNAJC30",0.0947474834503429,0.448358357508308,0.109,0.084,1
"GOLGB1",0.095006766932214,0.473944520769314,0.153,0.126,1
"OTUD5",0.0951691406092068,0.40217350691588,0.118,0.092,1
"CTBS",0.0958067354099942,0.344174258841174,0.182,0.151,1
"FNIP1",0.0959164087113813,0.311907543330957,0.139,0.11,1
"PEX1",0.0960110464003165,0.39033623525007,0.106,0.08,1
"NECAP1",0.0963244057343337,0.395769698475088,0.167,0.139,1
"NUP37",0.0969530313992526,-0.338403574997882,0.094,0.12,1
"RPF1",0.0969728783082594,0.261073484836801,0.297,0.261,1
"MECP2",0.0979078982051246,0.314547176405627,0.241,0.211,1
"PSMD12",0.097912118095565,0.324293363486563,0.197,0.166,1
"TM9SF2",0.0981566016985808,-0.434108599262968,0.105,0.131,1
"ITGB1BP1",0.0983989761966278,-0.282625303471093,0.163,0.195,1
"MTR",0.0986768642104131,0.267684869670111,0.151,0.123,1
"ZNF160",0.0993652137542212,0.307526084483754,0.133,0.105,1
"MDFIC",0.0996351571982972,-0.276558540444982,0.174,0.205,1
"DKC1",0.10028308342583,-0.265166208115569,0.149,0.18,1
"GIT2",0.100536277130607,0.462932989366827,0.142,0.115,1
"MARCKSL1",0.10070783871567,0.313599892416769,0.162,0.131,1
"CLK4",0.101598032936428,0.313673317911189,0.154,0.125,1
"ST6GAL1",0.101741246712736,-0.379893161172312,0.171,0.2,1
"UBXN7",0.102418391889353,0.315539573967436,0.128,0.1,1
"RBM17",0.102492474284869,0.344118655700249,0.261,0.236,1
"SDR39U1",0.102731159874672,0.30298442848568,0.154,0.125,1
"FTX",0.102824715618812,0.314924961527569,0.286,0.252,1
"TRIM56",0.103168988361474,0.302925580126747,0.197,0.164,1
"TYW3",0.103355016762771,-0.425812420823568,0.096,0.121,1
"ZNF83",0.103435238900127,0.464716411987001,0.118,0.093,1
"HMGN4",0.10353214879481,0.29903778178085,0.212,0.18,1
"RBFA",0.10383699687641,0.341216498402373,0.101,0.077,1
"GNPAT",0.104222730265028,0.506860434710946,0.116,0.092,1
"PDK1",0.104438797262746,0.296544900258128,0.26,0.228,1
"PHPT1",0.104905259291866,-0.295370327702121,0.199,0.234,1
"ING3",0.105096032355977,0.321204140869956,0.113,0.087,1
"FAM98B",0.105139909624598,0.58565890406989,0.112,0.089,1
"CD84",0.105797121573267,0.38138081288954,0.151,0.125,1
"GGCT",0.106127697465552,0.406669621488862,0.146,0.118,1
"STX4",0.10638928135151,0.347962169135258,0.121,0.095,1
"SNHG19",0.106904477316181,0.268292123267598,0.166,0.136,1
"RPIA",0.107513109771112,0.322164482467819,0.221,0.19,1
"TNIK",0.108025443236924,0.310231481318546,0.154,0.123,1
"HDLBP",0.109570942220967,0.398691435573626,0.107,0.084,1
"TOR1AIP1",0.109578326750615,-0.34089254972444,0.113,0.138,1
"AC097376.3",0.111336667446274,0.378817035974894,0.126,0.1,1
"ATG13",0.1113646455685,0.473155624779968,0.13,0.107,1
"AC027644.3",0.111576132614429,0.283090088502498,0.126,0.1,1
"DCTN2",0.111930643886968,-0.31232870438899,0.141,0.169,1
"GPR160",0.112179689245015,-0.350578588578197,0.08,0.103,1
"POLR2E",0.112201648511632,0.292106750765982,0.194,0.164,1
"ZNF880",0.112469083644974,0.346367970552223,0.135,0.108,1
"PBDC1",0.112574044215938,0.406879126555284,0.139,0.113,1
"ABT1",0.112837651594741,0.308119662349105,0.251,0.221,1
"RNF11",0.113545639019661,0.378990825211277,0.102,0.079,1
"NDUFV1",0.113871443084653,0.31198122633254,0.185,0.156,1
"MSL2",0.11392629547204,0.403837834010997,0.118,0.093,1
"LRRC8C",0.114684343515034,0.457938337572337,0.132,0.107,1
"MBP",0.114825706557773,0.250142017949341,0.371,0.338,1
"NDUFA9",0.115191860867678,0.271576282808759,0.163,0.136,1
"MT-ATP8",0.115648957672295,0.322202456127229,0.309,0.282,1
"TLK2",0.115673699605988,0.344183258412354,0.137,0.11,1
"TBC1D22A",0.116191239997022,0.367087203019969,0.109,0.085,1
"PMVK",0.11666896595106,-0.287522249929399,0.106,0.133,1
"KBTBD2",0.116864772106957,0.369257200765412,0.108,0.084,1
"MAP3K2",0.116907042410829,0.345110507506243,0.175,0.148,1
"TMCO1",0.117634167928783,-0.252063029424339,0.234,0.269,1
"GPATCH4",0.118500210069684,0.307461341634078,0.153,0.125,1
"CLPP",0.118682132482875,-0.280350842394478,0.259,0.29,1
"CYP20A1",0.118777802070883,0.262429041456734,0.158,0.128,1
"CDYL",0.119107954052191,0.409956577119344,0.109,0.085,1
"SNX9",0.120211323669244,-0.33050720412486,0.174,0.202,1
"DHX30",0.12114392461197,0.437725030709484,0.112,0.089,1
"METRN",0.121247651969026,0.297988554177802,0.13,0.105,1
"LENG8",0.121399209952154,0.272442692184789,0.204,0.17,1
"MESD",0.121453799406135,-0.274694141735954,0.186,0.218,1
"ANKRD13D",0.121524212788321,0.34699542683849,0.155,0.128,1
"CBX6",0.122772456532985,0.306160510348066,0.112,0.087,1
"ATE1",0.122918571349309,0.299811676525318,0.111,0.087,1
"DIP2A",0.123472578095269,-0.261714292478201,0.171,0.202,1
"MIGA1",0.124226133709306,0.319586575374675,0.181,0.154,1
"CCDC174",0.124241758227182,0.398172637573205,0.112,0.089,1
"NME4",0.124398220167768,-0.272935181380335,0.118,0.146,1
"STN1",0.124481145550144,0.288377321991074,0.206,0.177,1
"RABEP1",0.124735178166267,0.421722621021117,0.12,0.097,1
"TRIAP1",0.124806047345901,0.32358994224573,0.174,0.148,1
"SF3A2",0.124962759776019,-0.343822018325538,0.087,0.111,1
"PRH1",0.125404842764251,0.263873331067747,0.184,0.156,1
"ZNF518A",0.126648932597912,0.305306229992568,0.14,0.113,1
"ITSN2",0.127465300164619,0.378946742357227,0.151,0.125,1
"FXN",0.128095673100771,0.396359944529752,0.103,0.08,1
"PARP4",0.128564848833257,0.368310668271719,0.129,0.103,1
"CRYZL1",0.129168973405643,0.277518880794157,0.123,0.098,1
"SCML1",0.129871949314085,0.457195731847227,0.109,0.087,1
"PAFAH1B2",0.130072703400452,0.281824463278272,0.166,0.138,1
"TCF3",0.130416912264836,0.304182742862645,0.124,0.098,1
"RLIM",0.130517775962431,0.470170321883854,0.128,0.103,1
"CPNE3",0.130599404280801,0.283974376146344,0.273,0.243,1
"ANKHD1",0.130645716237429,0.331363491272417,0.231,0.202,1
"SUPT3H",0.130656087871358,-0.259030245731425,0.206,0.238,1
"TPD52",0.130706519902041,-0.366878434139935,0.117,0.141,1
"TSGA10",0.130795174266096,-0.383801592237187,0.09,0.113,1
"KDM4C",0.130898052596091,0.327715854045085,0.127,0.103,1
"HELB",0.131130368445897,0.345505386179842,0.198,0.167,1
"ZFAND6",0.131316685350674,-0.253160340385587,0.208,0.236,1
"TMEM101",0.131604064995718,-0.379569184243817,0.084,0.107,1
"ARHGEF9",0.131843290007749,-0.296639676698017,0.102,0.126,1
"HIVEP1",0.132236614344326,0.36557166437268,0.101,0.079,1
"POLR2M",0.132842132649674,0.302539061720677,0.139,0.113,1
"FBXL3",0.132869967443131,0.381197944031109,0.134,0.11,1
"EZH1",0.133227664692721,0.354807229156705,0.107,0.084,1
"LENG1",0.134013701349348,0.407526254213889,0.15,0.128,1
"BACH2",0.134292912583756,0.34822774802063,0.241,0.215,1
"PATZ1",0.134734460674022,0.41132247955803,0.101,0.079,1
"CCL28",0.134919987436133,0.251003096421652,0.118,0.095,1
"PLCG2",0.135697186335949,0.332038227500157,0.449,0.441,1
"KIN",0.135942919323268,-0.402964943570277,0.087,0.108,1
"MRPL17",0.136034652162216,0.336044944709842,0.152,0.128,1
"ZNF350",0.137156138882384,0.397698389867802,0.104,0.082,1
"MED30",0.137158491943696,0.292530555512783,0.173,0.146,1
"AEBP2",0.13812887765278,0.265836082421767,0.128,0.103,1
"METTL4",0.138614134526351,0.332190715801785,0.124,0.102,1
"AK2",0.139492108568355,0.30886792245578,0.13,0.105,1
"RAB37",0.13986925099451,-0.373502393900599,0.09,0.113,1
"WDR46",0.140122098371184,0.38537564300621,0.147,0.123,1
"TOX4",0.141152375515558,0.317079815353298,0.208,0.182,1
"BICRAL",0.14127737643219,-0.32996613317578,0.088,0.11,1
"TAOK1",0.141489703300361,0.266978304273411,0.15,0.123,1
"ZNF430",0.141490786800367,0.327082857363061,0.225,0.195,1
"AKAP9",0.142190992517619,0.325852406613219,0.307,0.277,1
"ZFP90",0.142948379665182,0.334839603803015,0.103,0.08,1
"RWDD4",0.143268559908449,0.33916012044561,0.105,0.084,1
"SMIM15",0.143873000866361,0.33596888279442,0.127,0.103,1
"CPSF6",0.144283689334165,-0.26531274516296,0.152,0.18,1
"TIMM10",0.144490693062807,-0.269492936738452,0.226,0.252,1
"MPPE1",0.145013741206159,0.316484027918897,0.122,0.1,1
"FBXO22",0.147178881647767,0.418904720559911,0.101,0.08,1
"STIP1",0.147401335679534,-0.276871169948442,0.09,0.113,1
"IQGAP2",0.148909133316619,-0.324333141166911,0.145,0.172,1
"HLA-F-AS1",0.14906743617314,0.381959489581986,0.101,0.08,1
"MLH3",0.150114749252027,0.381576907176758,0.102,0.08,1
"CCNT2",0.150317862243361,0.258906522140978,0.149,0.121,1
"JOSD1",0.150394310623634,0.373059324122741,0.148,0.123,1
"INTS10",0.151171352767005,0.256665430232944,0.207,0.18,1
"FANCF",0.151555259588695,0.335044303510067,0.144,0.121,1
"INO80E",0.151854967202295,-0.390841525688417,0.083,0.103,1
"C3orf38",0.1535402822302,0.381623538505406,0.127,0.105,1
"DENND4A",0.153772048785973,0.420173524720722,0.123,0.102,1
"DAXX",0.153959555492788,0.361026768563236,0.103,0.082,1
"C1GALT1",0.153989377497713,0.412528498905427,0.16,0.136,1
"PYM1",0.155073146590421,0.373296517874149,0.155,0.131,1
"LRRN3",0.155089591981849,-0.309407986100224,0.252,0.277,1
"TRAPPC10",0.155464524180665,0.261158346612317,0.194,0.169,1
"ZZEF1",0.15566927283441,-0.437676923091826,0.083,0.105,1
"FAM117B",0.156232359868269,-0.293362031551079,0.14,0.166,1
"AC136475.1",0.156255190462374,0.346735749293728,0.104,0.082,1
"NAT9",0.156275485444807,-0.288107858026487,0.085,0.107,1
"CD79A",0.156296671715338,-0.337700659772943,0.116,0.139,1
"C6orf89",0.156474250650555,0.281483392232384,0.1,0.079,1
"AVL9",0.156859330708013,0.35426499404195,0.109,0.087,1
"ZBTB24",0.157212883481405,0.376744327305403,0.131,0.108,1
"EGLN2",0.157339757546483,-0.264350821079606,0.107,0.13,1
"FMNL1",0.158278829825653,0.259047344408946,0.235,0.207,1
"MINDY2",0.158280338311246,0.633200389803014,0.101,0.082,1
"TPM4",0.159056911258901,0.439523295076015,0.102,0.082,1
"ACO2",0.159313734240417,-0.351347442425989,0.083,0.105,1
"FAM214A",0.159964900279955,0.295715505533966,0.113,0.092,1
"RPS6KA5",0.161371420694584,0.425713196064227,0.129,0.107,1
"WDR6",0.161516085974623,0.444689378138576,0.114,0.093,1
"TRMT10B",0.161985730941871,0.268316555526788,0.125,0.103,1
"LRCH3",0.162179473793226,0.310007027078576,0.1,0.079,1
"PGAM1",0.162500674586481,-0.267836394853287,0.135,0.161,1
"RAB3IP",0.162905484363998,0.342077476252349,0.101,0.08,1
"MAP2K1",0.163012555719904,-0.292295357477006,0.106,0.128,1
"TMEM50B",0.164920169991415,0.286315514296132,0.127,0.103,1
"ERAP1",0.165433230883579,0.357616465207466,0.11,0.089,1
"ATG3",0.166083857585674,-0.265531784412077,0.138,0.161,1
"TULP4",0.166119095475602,0.32028369381516,0.101,0.08,1
"HDAC7",0.166294185869965,0.277831663751426,0.119,0.097,1
"CRLF3",0.166667364345562,0.306418317541885,0.275,0.251,1
"TCERG1",0.1678297562145,0.364240708506003,0.12,0.098,1
"TCP11L2",0.167923307888439,0.336140130733915,0.229,0.205,1
"URM1",0.168243638170974,0.253119906723264,0.143,0.118,1
"DHX40",0.168503289612763,0.321218366811401,0.116,0.093,1
"NMRK1",0.169790242883042,0.251254090632532,0.225,0.2,1
"KDM1A",0.170745045427032,-0.436678557252176,0.09,0.11,1
"SFMBT1",0.170750833899588,-0.366978076382944,0.107,0.128,1
"LMBRD1",0.170819932865297,0.274509959393474,0.203,0.179,1
"ZDHHC20",0.172379609543499,0.34780570485692,0.136,0.115,1
"MRPL40",0.172383879382756,0.256450049160729,0.239,0.213,1
"PPP2R5A",0.173886796818756,0.336628440619874,0.101,0.082,1
"AC009107.2",0.174026494648931,-0.366280096690682,0.11,0.131,1
"DGKE",0.17411979686759,0.395944832939294,0.1,0.08,1
"HIST1H4E",0.174360566259483,-0.252479213110504,0.117,0.141,1
"ACTR1B",0.17467635119869,0.582713356514214,0.102,0.084,1
"BMS1",0.175381437445507,-0.261519036822303,0.102,0.123,1
"ZSCAN18",0.175939289103707,0.416074327191843,0.105,0.085,1
"CASD1",0.176551665295658,0.430259809304645,0.111,0.09,1
"FBXW4",0.177786244124672,0.298786626661919,0.107,0.085,1
"PNPT1",0.177910405849453,0.293815515783819,0.142,0.118,1
"SF3B3",0.178074478982651,-0.308539574306621,0.117,0.139,1
"LYZ",0.178326509675039,-0.317325523648364,0.1,0.121,1
"PMS2",0.179124819936558,0.395096087309501,0.11,0.09,1
"SPPL3",0.181463319567807,0.358154214376108,0.101,0.082,1
"RGS14",0.183415182601816,-0.269139035213358,0.119,0.143,1
"HADHB",0.183474710621889,0.290925443512575,0.2,0.177,1
"SREBF1",0.183743850259422,0.28728222549483,0.113,0.092,1
"PIAS2",0.183749640174834,0.370674011498271,0.124,0.103,1
"LST1",0.183973989542964,0.379807999860473,0.113,0.093,1
"LZIC",0.184440628615057,0.294473011962594,0.17,0.148,1
"SRSF6",0.185773118376498,0.270530948329459,0.239,0.215,1
"VRK3",0.187462014592068,-0.394943944526625,0.085,0.105,1
"MFSD14A",0.188591499593384,0.4135742503202,0.1,0.082,1
"AC025159.1",0.188708932829946,0.335975117792324,0.166,0.143,1
"TOR1AIP2",0.188828250095115,0.260162798000581,0.136,0.115,1
"DERL2",0.189444142047667,-0.326245015471597,0.102,0.121,1
"SLC2A4RG",0.189529718212187,0.306531838273264,0.213,0.192,1
"CRTAM",0.189691144883281,-0.287876005629783,0.118,0.141,1
"DLG1",0.189922916846618,0.273610786359036,0.173,0.148,1
"SS18",0.190020813434261,-0.270955814729852,0.081,0.1,1
"ZBTB4",0.190573336960254,0.314314795872034,0.126,0.105,1
"ASAH1",0.19146294425491,0.319219431642126,0.182,0.159,1
"ZNF585A",0.191678957747345,-0.357872973972042,0.114,0.133,1
"CITED2",0.191702182403133,-0.283054149638948,0.201,0.228,1
"APTX",0.192125620458012,0.377028416280296,0.108,0.089,1
"CSNK1G2",0.192724498802695,0.284515287769368,0.2,0.175,1
"CYB5B",0.192866261874845,0.363212595318075,0.108,0.089,1
"MCFD2",0.193227212332403,0.252018809767669,0.104,0.084,1
"AQP3",0.193447233525541,0.301863082785607,0.222,0.2,1
"KHDC4",0.194417202063169,0.300897757180747,0.123,0.102,1
"HSD17B8",0.195680298987128,0.331731455835591,0.102,0.084,1
"KRIT1",0.195761340199465,-0.321043796343256,0.088,0.108,1
"ARFRP1",0.196552261067048,0.287029403401534,0.111,0.09,1
"SFI1",0.196764109520066,0.256574655733696,0.176,0.152,1
"PPP1R11",0.197249078675515,0.309234645618998,0.139,0.12,1
"CASP1",0.198815984830475,-0.311054099080597,0.102,0.123,1
"USP8",0.199478220933842,0.294317311872268,0.16,0.138,1
"ACOT13",0.199844553876402,0.320905876221025,0.123,0.103,1
"TCEAL4",0.201345645229991,0.406553678536101,0.132,0.111,1
"MALT1",0.201934332809837,-0.276379039108798,0.18,0.203,1
"TDG",0.203294408971735,0.254719141160026,0.151,0.13,1
"PLA2G12A",0.204107331711311,0.327725601149831,0.124,0.103,1
"SDCCAG8",0.20418137913426,0.260683773450907,0.13,0.108,1
"CCNY",0.204197875663409,0.276255224334391,0.225,0.203,1
"ITFG2",0.204311725884285,0.330188958584288,0.136,0.115,1
"BCL2L11",0.204534866228482,-0.380709931952179,0.101,0.121,1
"MTX1",0.205067159899743,-0.277675339662765,0.089,0.11,1
"ZFAND5",0.205719238425584,0.305128540357154,0.174,0.151,1
"UBE2Q1",0.20668623914634,0.274173380419048,0.139,0.116,1
"C6orf226",0.20716858685659,0.3826769198585,0.203,0.187,1
"IARS",0.208035703325,0.381806172523617,0.102,0.084,1
"COG3",0.209612142787346,0.497147261243772,0.106,0.089,1
"REST",0.210399797666228,0.275047876941362,0.313,0.292,1
"RDH11",0.210811362497911,-0.335700767403131,0.102,0.121,1
"EI24",0.2108542417033,0.301230061260735,0.113,0.093,1
"ANXA7",0.210869440982454,0.25441414520675,0.299,0.277,1
"DCP1A",0.211248676214903,0.276248339577122,0.15,0.13,1
"TADA3",0.211737927634054,-0.316345406742772,0.118,0.138,1
"DLD",0.212173173199762,0.297912407289699,0.121,0.102,1
"DUSP22",0.212226881066094,0.388405485396167,0.107,0.089,1
"AL133453.1",0.212693232013187,0.278359948950233,0.141,0.12,1
"FASTKD2",0.212911325846544,0.31010594305791,0.106,0.087,1
"EXOC4",0.212915383199618,0.313638463001928,0.138,0.118,1
"TRMT13",0.216324910382021,0.281068482107906,0.134,0.113,1
"B4GALT1",0.21671669652549,-0.250898907318353,0.151,0.174,1
"ZNF91",0.216884820028022,0.295524879082624,0.208,0.187,1
"FLNB",0.218221461935783,0.332996494382156,0.103,0.084,1
"GALNT11",0.218967954186358,-0.265678563717927,0.157,0.18,1
"FBXW7",0.219022135165483,0.407489192702432,0.114,0.095,1
"AP2A2",0.219033407317166,-0.333269053601891,0.091,0.108,1
"KIAA0586",0.219092917391713,0.362420966373553,0.176,0.156,1
"FIBP",0.219394284113832,-0.258100229167321,0.183,0.203,1
"PAFAH1B3",0.220891516015448,-0.254802237805218,0.097,0.116,1
"SPG7",0.222425370652247,0.258878864021242,0.178,0.156,1
"LTA4H",0.222586877048797,-0.251036572071901,0.21,0.234,1
"RPAP3",0.222696353691259,-0.328830689296298,0.11,0.126,1
"AHNAK",0.223022117793617,-0.275462186428894,0.182,0.205,1
"NUDT3",0.223246924629732,0.282172631421093,0.12,0.102,1
"BSDC1",0.223393330176706,0.270784951782861,0.122,0.103,1
"FAM126B",0.225503156457823,0.391422761827583,0.115,0.097,1
"UBA3",0.226019871045345,-0.329117569434583,0.103,0.121,1
"NLRP1",0.226540806908499,0.312267324897802,0.12,0.102,1
"MCRIP2",0.229284582507194,-0.311328414256532,0.114,0.133,1
"CFL2",0.229754643016573,0.274332425907105,0.103,0.085,1
"MRPS18C",0.230885196838943,0.262383451749022,0.254,0.233,1
"COG2",0.232442718588528,0.320306816522905,0.101,0.084,1
"NFU1",0.233951029627389,-0.275686205799242,0.125,0.146,1
"ECHS1",0.235053585018324,0.269893718543073,0.193,0.174,1
"ESYT1",0.236571464758904,0.261015370158965,0.191,0.169,1
"DUSP2",0.237457993471473,-0.26541132323038,0.151,0.172,1
"FAM50A",0.237821101930065,0.328861554530792,0.133,0.115,1
"ITPR2",0.237914863193442,0.285859085143711,0.108,0.09,1
"PTGER4",0.239922751045698,-0.328361520847836,0.1,0.118,1
"RGS19",0.242668762398324,-0.292358870186482,0.105,0.125,1
"MAD2L1",0.243518193107376,0.349583045502966,0.104,0.087,1
"MRPL30",0.245889831181713,0.284567987754371,0.104,0.085,1
"TSFM",0.24916155563783,0.324088001024379,0.1,0.084,1
"CAMK2D",0.250582346788881,0.298744890959223,0.16,0.144,1
"STIM1",0.252249420252597,-0.340362351247282,0.129,0.149,1
"PSPC1",0.253120109127177,0.264520394080107,0.131,0.113,1
"SATB1-AS1",0.257830965925844,-0.303763495509059,0.15,0.17,1
"AC008124.1",0.261162264416132,0.454098560084241,0.117,0.103,1
"CEP68",0.262524804285785,0.27853905712281,0.129,0.11,1
"INPP4A",0.262876287110598,0.276845953452261,0.117,0.098,1
"NUDT2",0.265329711537823,0.266668988632303,0.168,0.149,1
"NT5E",0.265991352198118,0.305816909663451,0.128,0.11,1
"UFSP2",0.26666430445148,-0.399037121604789,0.093,0.108,1
"GTPBP10",0.268018689729496,0.283802311688698,0.102,0.085,1
"DBP",0.268707123437963,0.292915833762708,0.15,0.133,1
"SYNJ2BP",0.269514389862003,0.279180649289203,0.129,0.111,1
"WBP1",0.270387185999256,0.282635323892787,0.121,0.105,1
"CSTF3",0.270840506072576,0.251317723061212,0.117,0.098,1
"NPAT",0.272399775024811,0.25213381408124,0.224,0.202,1
"RC3H1",0.272977712283522,0.359023109610279,0.151,0.134,1
"ELOF1",0.274307509465782,-0.26598692396493,0.116,0.134,1
"RANBP2",0.274581251036595,0.266571317434194,0.159,0.138,1
"ZNF675",0.27494398718398,-0.319076457910084,0.098,0.115,1
"NMT2",0.276348950475118,0.288406478267914,0.183,0.164,1
"C5orf56",0.277413415073386,0.359595976971163,0.109,0.093,1
"SUDS3",0.277470114753658,-0.257926021309287,0.095,0.111,1
"SC5D",0.277552288614994,0.315919786678625,0.126,0.11,1
"ZC3H18",0.282228189648842,-0.473824994023617,0.101,0.116,1
"REG4",0.28985377126587,-0.258413842138804,0.097,0.113,1
"OTUD4",0.292157132381404,0.284527839224368,0.108,0.092,1
"CLPX",0.298196306632322,-0.289647866368377,0.108,0.123,1
"LARP4B",0.304058270149708,-0.259702729470493,0.085,0.1,1
"SNAP23",0.306942931587206,0.266532817824975,0.139,0.123,1
"PRORP",0.307217746409269,0.263604680001829,0.154,0.138,1
"PSD4",0.307304187739412,-0.270764109946334,0.087,0.102,1
"BRIX1",0.308039908465503,0.254855585459357,0.225,0.208,1
"ANKRD13A",0.308630030621846,0.290380526862346,0.128,0.113,1
"USF2",0.309958607975173,0.265715347899888,0.228,0.211,1
"ATL3",0.310338474813296,0.3009638179445,0.105,0.09,1
"UBE2E1",0.315216104549724,0.258886747701914,0.138,0.121,1
"SHFL",0.315331409561928,0.277434933705588,0.151,0.136,1
"APC",0.317582525434616,0.306686250987596,0.103,0.089,1
"MRPL16",0.320814749724909,-0.303112650462611,0.116,0.131,1
"SCAMP1-AS1",0.320828706236159,0.322308179188283,0.106,0.092,1
"MFSD8",0.323619364716266,0.270346699521323,0.112,0.097,1
"PXN",0.325795953026906,-0.300357383415585,0.12,0.138,1
"RIN3",0.328586173254237,0.330896734602472,0.117,0.103,1
"DDX27",0.329005896575109,-0.309119665471314,0.22,0.233,1
"EHD1",0.334110414206266,-0.28635243980012,0.139,0.154,1
"SART1",0.338681822959106,-0.258870474041634,0.101,0.115,1
"ERICH1",0.340487585882574,0.254000373706675,0.209,0.193,1
"ZNF331",0.340826907106009,0.266799962191675,0.118,0.103,1
"SELENOS",0.34241411623857,-0.366306043986114,0.113,0.126,1
"COX17",0.343217266153388,-0.281984880149588,0.167,0.182,1
"GLIPR2",0.346094653121632,-0.287847152146535,0.087,0.102,1
"PPIL4",0.354449298568513,-0.291804784896216,0.103,0.116,1
"IMP4",0.355964933057491,0.31613136788521,0.114,0.1,1
"ZNF688",0.357907936431439,0.283478269025755,0.124,0.111,1
"CFAP36",0.360248133137056,0.342681269686424,0.177,0.166,1
"CNST",0.360389696092336,0.257806173653975,0.17,0.156,1
"KCNQ1OT1",0.36422540137654,-0.612912031863708,0.088,0.1,1
"REL",0.364408857791345,0.267517080040992,0.135,0.121,1
"BACH1",0.365057681400989,0.281976801969587,0.1,0.087,1
"STAU2",0.372346240572691,-0.257501758385406,0.086,0.1,1
"ARID5B",0.372596458357082,0.335594542306518,0.11,0.097,1
"PAICS",0.372884134921732,0.250616482442318,0.109,0.095,1
"NOL12",0.376349538948032,-0.252987453470372,0.098,0.111,1
"NUBP2",0.37708853399595,-0.29669035580495,0.162,0.177,1
"SIAH2",0.379236665814579,0.292470908393922,0.107,0.095,1
"KLHDC3",0.381260239528157,0.315686796339477,0.106,0.093,1
"ST3GAL5",0.389133614864162,0.253178038160118,0.11,0.097,1
"OPTN",0.391304210017048,0.278158470149609,0.165,0.151,1
"SNHG21",0.394086022327349,0.285349434194607,0.102,0.09,1
"WAC-AS1",0.394256121797823,0.316366905685705,0.137,0.125,1
"GARS",0.397723322196696,-0.330647011759039,0.09,0.102,1
"RREB1",0.401934328701388,0.255736179811151,0.105,0.092,1
"SKI",0.406545373065072,-0.256233727281704,0.092,0.103,1
"TSHZ1",0.409437002636639,-0.301352984085319,0.093,0.105,1
"C16orf74",0.413815647819503,0.255746210891075,0.125,0.113,1
"MRPL13",0.417910013702867,0.283930194877883,0.112,0.1,1
"ARHGAP5",0.422724568615844,0.307780534750283,0.147,0.136,1
"USP1",0.422761701232172,0.262907648855659,0.152,0.141,1
"SP4",0.430529219557432,-0.331802315212728,0.104,0.115,1
"RAB8B",0.440852863218897,-0.379299965714909,0.098,0.108,1
"HTATIP2",0.45699748420676,0.253375370196437,0.16,0.149,1
"LINC02591",0.464301477062208,0.26681491580527,0.111,0.1,1
"DPP4",0.46849841608333,0.29512264163287,0.117,0.107,1
"PGGHG",0.474589755098952,0.281555285030608,0.1,0.09,1
"CDC5L",0.503117608086501,-0.259998035204046,0.117,0.128,1
"TCEAL8",0.508005145779798,0.262421813639395,0.21,0.202,1
"C1orf131",0.547240233443474,0.253366502960849,0.168,0.157,1
"FDX1",0.549639164535423,0.281632745486293,0.201,0.197,1
"PECAM1",0.582403043698706,-0.279663731412439,0.149,0.156,1
"LRBA",0.583273947810096,0.253368802403903,0.134,0.126,1
"MRPL2",0.589555194288562,-0.263376263749338,0.095,0.102,1
"BAZ1B",0.635491754460112,-0.253308219214036,0.11,0.116,1
"EEF1AKMT2",0.657275930986452,0.260469203367419,0.15,0.144,1
"PATJ",0.758565964594847,0.364211447079605,0.117,0.115,1
"CYHR1",0.81108525486636,-0.252382004827822,0.123,0.125,1
